Source File	Size	loadResources	load	generateSnapshots	load-configure	scan	loadDepInfo	loadInfo	checkR4R4B	generateNarratives	validate	loadLists	checkConformanceResources	checkConformanceResources2	checkConformanceResources3	generateLogicalMaps	validateExpressions	scanForUsageStats	checkURLsUnique	processProvenanceDetails	translate	generate1	generate2	generateLogicals	makeDependencies	generateExampleZip	generateValidationPack	scanProfilesForR5	scanExamplesForR5
/fsh-generated/resources/ImplementationGuide-ans.fhir.fr.eprescription.json	63846	-	0	0	0	0	0	0	26	65	0	0	0	0	0	0	0	1	0	0	52	245	377	0	0	0	9	0	6
fsh-generated/resources/Bundle-HAS-01-Presc-Pantoprazole-DC.json	3299	5	23	0	1	0	0	1	0	98	0	0	0	0	0	0	0	0	0	0	21	13	34	0	0	0	0	0	0
fsh-generated/resources/Bundle-HAS-01-Presc-Pantoprazole-MV.json	2018	2	1	0	0	0	0	0	1	10	0	0	0	0	0	0	0	0	0	0	7	10	28	0	0	0	0	0	0
fsh-generated/resources/Bundle-HAS-02-Presc-Fluindione.json	2082	3	2	0	0	0	0	0	0	393	0	0	0	0	0	0	0	0	0	0	6	8	29	0	0	0	0	0	0
fsh-generated/resources/Bundle-HAS-03-Presc-INNOHEP.json	2541	2	1	0	0	0	0	0	0	13	0	0	0	0	0	0	0	0	0	0	3	7	31	0	0	0	0	0	0
fsh-generated/resources/Bundle-HAS-04a-Presc-Paracetamol.json	2688	2	2	0	0	0	0	0	1	198	0	0	0	0	0	0	0	0	0	0	3	8	23	0	0	0	0	0	0
fsh-generated/resources/Bundle-HAS-04b-Presc-DAFALGANCODEINE.json	3755	2	2	0	0	0	0	0	0	593	0	0	0	0	0	0	0	0	0	0	4	10	25	0	0	0	0	0	0
fsh-generated/resources/Bundle-HAS-05a-Presc-Fluindione.json	2142	1	1	0	0	0	0	0	0	11	0	0	0	0	0	0	0	0	0	0	4	8	28	0	0	0	0	0	0
fsh-generated/resources/Bundle-HAS-05b-Presc-ACTISKENAN.json	2313	2	0	0	0	0	0	0	1	8	0	0	0	0	0	0	0	0	0	0	4	7	20	0	0	0	0	0	0
fsh-generated/resources/Bundle-HAS-06-1-Presc-Methotrexate.json	2204	1	2	0	0	0	0	0	0	9	0	0	0	0	0	0	0	0	0	0	4	8	20	0	0	0	0	0	0
fsh-generated/resources/Bundle-HAS-06-2-Presc-Methotrexate.json	2175	2	1	0	0	0	0	0	0	8	0	0	0	0	0	0	0	0	0	0	4	6	17	0	0	0	0	0	0
fsh-generated/resources/Bundle-HAS-07-Presc-Paracetamol.json	2675	2	1	0	0	0	0	0	1	8	0	0	0	0	0	0	0	0	0	0	4	11	15	0	0	0	0	0	0
fsh-generated/resources/Bundle-HAS-08-1-Presc-Betamethasone.json	2264	1	1	0	1	0	0	0	0	8	0	0	0	0	0	0	0	1	0	0	3	10	14	0	0	0	0	0	0
fsh-generated/resources/Bundle-HAS-08-2-Presc-Paracetamol.json	2406	2	1	0	0	0	0	0	0	8	0	0	0	0	0	0	0	0	0	0	4	10	13	0	0	0	0	0	0
fsh-generated/resources/Bundle-HAS-09-Presc-Ropinirole.json	2113	1	1	0	0	0	0	0	0	7	0	0	0	0	0	0	0	0	0	0	4	7	12	0	0	0	0	0	0
fsh-generated/resources/Bundle-HAS-10-Presc-Methotrexate.json	2185	1	1	0	0	0	0	0	0	8	0	0	0	0	0	0	0	0	0	0	3	8	11	0	0	0	0	0	0
fsh-generated/resources/Bundle-HAS-11-1-Presc-VitamineD.json	2325	2	0	0	0	0	0	0	1	196	0	0	0	0	0	0	0	0	0	0	4	7	9	0	0	0	0	0	0
fsh-generated/resources/Bundle-HAS-11-2-Presc-EVRA.json	3013	1	1	0	0	0	0	0	0	200	0	0	0	0	0	0	0	0	0	0	3	10	12	0	0	0	0	0	0
fsh-generated/resources/Bundle-HAS-12-1-Presc-BEPANTHEN.json	2157	2	1	0	0	0	0	0	0	7	0	0	0	0	0	0	0	0	0	0	3	7	11	0	0	0	0	0	0
fsh-generated/resources/Bundle-HAS-12-2-Presc-Methotrexate.json	2158	1	0	0	0	0	0	0	0	4	0	0	0	0	0	0	0	0	0	0	3	7	11	0	0	0	0	0	0
fsh-generated/resources/Bundle-HAS-12-3-Presc-Enoxaparine.json	3808	2	1	0	0	0	0	0	1	194	0	0	0	0	0	0	0	0	0	0	3	11	13	0	0	0	0	0	0
fsh-generated/resources/Bundle-HAS-13-Presc-Desloratadine.json	2360	2	1	0	0	0	0	0	0	10	0	0	0	0	0	0	0	0	0	0	2	8	11	0	0	0	0	0	1
fsh-generated/resources/Bundle-HAS-14-1-Presc-CODOLIPRANE.json	3298	2	1	0	0	0	0	0	0	8	0	0	0	0	0	0	0	0	0	0	2	10	13	0	0	0	0	0	0
fsh-generated/resources/Bundle-HAS-14-2-Presc-Betamethasone.json	2712	1	0	0	0	0	0	0	1	6	0	0	0	0	0	0	0	0	0	0	3	10	13	0	0	0	0	0	0
fsh-generated/resources/Bundle-HAS-15-Presc-Morphine.json	2451	2	1	0	0	0	0	0	0	7	0	0	0	0	0	0	0	0	0	0	2	10	15	0	0	0	0	0	0
fsh-generated/resources/Bundle-HAS-16-Presc-Racecadotril.json	2558	1	1	0	0	0	0	0	0	6	0	0	0	0	0	0	0	0	0	0	2	7	13	0	0	0	0	0	0
fsh-generated/resources/Bundle-HAS-17-Presc-Budesonide.json	2796	2	0	0	0	0	0	0	1	6	0	0	0	0	0	0	0	0	0	0	3	9	11	0	0	0	0	0	0
fsh-generated/resources/Bundle-HAS-18-Presc-Budesonide-MV.json	2794	1	1	0	0	0	0	0	0	5	0	0	0	0	0	0	0	0	0	0	2	8	12	0	0	0	0	0	0
fsh-generated/resources/Bundle-HAS-19-Presc-Paracetamol.json	2601	2	0	0	0	0	0	0	0	6	0	0	0	0	0	0	0	0	0	0	2	8	12	0	0	0	0	0	0
fsh-generated/resources/Bundle-HAS-20-Presc-Hydrocortisone.json	2521	1	1	0	0	0	0	0	0	4	0	0	0	0	0	0	0	0	0	0	3	7	11	0	0	0	0	0	0
fsh-generated/resources/Bundle-HAS-21-Presc-Prednisolone.json	6388	3	1	0	0	0	0	0	1	6	0	0	0	0	0	0	0	0	0	0	4	15	12	0	0	0	0	0	0
fsh-generated/resources/Bundle-HAS-22-Presc-Prednisolone.json	6390	2	2	0	0	0	0	0	1	7	0	0	0	0	0	0	0	0	0	0	4	14	14	0	0	0	0	0	0
fsh-generated/resources/Bundle-HAS-23-1-Presc-Fluindione.json	3496	2	0	0	0	0	0	0	0	5	0	0	0	0	0	0	0	0	0	0	2	10	12	0	0	0	0	0	0
fsh-generated/resources/Bundle-HAS-23-2-Presc-Amiodarone.json	2714	1	1	0	0	0	0	0	1	6	0	0	0	0	0	0	0	0	0	0	2	7	11	0	0	0	0	0	0
fsh-generated/resources/Bundle-HAS-24-1-presc-Doxycyline.json	2439	2	0	0	0	0	0	0	0	5	0	0	0	0	0	0	0	0	0	0	2	8	10	0	0	0	0	0	0
fsh-generated/resources/Bundle-HAS-24-1-presc-Topiramate.json	2485	1	1	0	0	0	0	0	0	4	0	0	0	0	0	0	0	0	0	0	2	8	10	0	0	0	0	0	0
fsh-generated/resources/Bundle-HAS-25-NOVORAPID.json	3408	2	1	0	0	0	0	0	0	5	0	0	0	0	0	0	0	0	0	0	2	10	12	0	0	0	0	0	0
fsh-generated/resources/Bundle-HAS-26-Diazepam.json	2443	2	0	0	0	0	0	0	1	5	0	0	0	0	0	0	0	0	0	0	2	7	10	0	0	0	0	0	0
fsh-generated/resources/Bundle-HAS-27-1-presc-GLUCOPHAGE.json	2328	1	1	0	0	0	0	0	0	4	0	0	0	0	0	0	0	0	0	0	1	8	11	0	0	0	0	0	0
fsh-generated/resources/Bundle-HAS-27-2-presc-Rifampicine.json	2163	1	0	0	0	0	0	0	0	4	0	0	0	0	0	0	0	0	0	0	2	7	9	0	0	0	0	0	0
fsh-generated/resources/Bundle-HAS-28-Presc-LOVENOX.json	4003	2	1	0	0	0	0	0	0	5	0	0	0	0	0	0	0	0	0	0	2	10	11	0	0	0	0	0	0
fsh-generated/resources/Bundle-HAS-29-Presc-LOVENOX.json	2745	2	1	0	0	0	0	0	1	5	0	0	0	0	0	0	0	0	0	0	2	8	10	0	0	0	0	0	0
fsh-generated/resources/Bundle-HAS-30-1-Presc-Hydrocortisone.json	6091	2	1	0	0	0	0	0	0	9	0	0	0	0	0	0	0	0	0	0	2	17	12	0	0	0	0	0	0
fsh-generated/resources/Bundle-HAS-30-2-Presc-Cetirizine.json	2394	1	0	0	0	0	0	0	1	5	0	0	0	0	0	0	0	0	0	0	2	8	10	0	0	0	0	0	0
fsh-generated/resources/Bundle-HAS-31-Presc-DUROGESIC.json	2595	2	1	0	0	0	0	0	0	5	0	0	0	0	0	0	0	0	0	0	2	8	9	0	0	0	0	0	0
fsh-generated/resources/Bundle-HAS-32-1-Presc-LOVENOX.json	2699	1	0	0	0	0	0	0	0	6	0	0	0	0	0	0	0	0	0	0	2	8	11	0	0	0	0	0	0
fsh-generated/resources/Bundle-HAS-32-2-Presc-ULTIBRO-BREEZ.json	2857	2	1	0	0	0	0	0	0	6	0	0	0	0	0	0	0	0	0	0	2	8	11	0	0	0	0	0	0
fsh-generated/resources/Bundle-HAS-33-Presc-VERSATIS.json	2205	1	1	0	0	0	0	0	1	195	0	0	0	0	0	0	0	0	0	0	2	7	11	0	0	0	0	0	0
fsh-generated/resources/Bundle-MultiLine-Presc-METFORMINE-GLICLAZIDE.json	5771	3	5	0	0	0	0	0	0	17	0	0	0	0	0	0	0	0	0	0	2	15	18	0	0	0	0	0	1
fsh-generated/resources/Bundle-MultiLine-Presc-METHOTREXATE-LEDERFOLINE.json	5548	3	1	0	0	0	0	0	1	212	0	0	0	0	0	0	0	1	0	0	2	16	18	0	0	0	0	0	0
fsh-generated/resources/Bundle-MultiLine-Presc-Sucralfate-Paracetamol.json	6070	2	1	0	0	0	0	0	1	14	0	0	0	0	0	0	0	0	0	0	2	16	18	0	0	0	0	0	0
fsh-generated/resources/Bundle-Presc-BISOPROLOL-SANDOZ-DosesRationnelles.json	4029	2	1	0	0	0	0	0	0	7	0	0	0	0	0	0	0	0	0	0	2	12	12	0	0	0	0	0	0
fsh-generated/resources/Bundle-Presc-Betamethasone-ApplCut.json	2971	2	1	0	0	0	0	0	0	6	0	0	0	0	0	0	0	0	0	0	1	12	11	0	0	0	0	0	0
fsh-generated/resources/Bundle-Presc-CLARADOL-DoseDiffParHoraire.json	3307	2	0	0	1	0	0	0	1	6	0	0	0	0	0	0	0	0	0	0	2	11	10	0	0	0	0	0	0
fsh-generated/resources/Bundle-Presc-CLARADOL-SiDouleur-MaxPrise-DelaisMin.json	3497	2	1	0	0	0	0	0	0	8	0	0	0	0	0	0	0	0	0	0	2	13	12	0	0	0	0	0	0
fsh-generated/resources/Bundle-Presc-CLARADOL-TL6h-MedCodeableConcept.json	2354	2	0	0	0	0	0	0	0	8	0	0	0	0	0	0	0	0	0	0	2	10	10	0	0	0	0	0	0
fsh-generated/resources/Bundle-Presc-CLARADOL-TLMardisVendredis.json	2456	1	1	0	0	0	0	0	0	6	0	0	0	0	0	0	0	0	0	0	1	9	9	0	0	0	0	0	0
fsh-generated/resources/Bundle-Presc-CODOLIPRANE-MedCodeableConcept.json	2753	2	0	0	0	0	0	0	1	5	0	0	0	0	0	0	0	0	0	0	2	11	13	0	0	0	0	0	0
fsh-generated/resources/Bundle-Presc-Capecitabine-Dose-Calculee.json	3689	2	1	0	0	0	0	0	0	5	0	0	0	0	0	0	0	0	0	0	2	13	10	0	0	0	0	0	0
fsh-generated/resources/Bundle-Presc-DIPROSONE-AppCut.json	4056	2	1	0	0	0	0	0	0	6	0	0	0	0	0	0	0	0	0	0	3	14	11	0	0	0	0	0	0
fsh-generated/resources/Bundle-Presc-DOLIPRANE-20DoseParKG.json	3960	1	1	0	0	0	0	0	1	5	0	0	0	0	0	0	0	0	0	0	3	11	11	0	0	0	0	0	0
fsh-generated/resources/Bundle-Presc-EFFERALGAN.json	4062	2	1	0	0	0	0	0	0	7	0	0	0	0	0	0	0	0	0	0	4	13	14	0	0	0	0	0	0
fsh-generated/resources/Bundle-Presc-Fentanyl-patch72h-TL3j.json	3819	2	0	0	0	0	0	0	1	6	0	0	0	0	0	0	0	0	0	0	3	14	13	0	0	0	0	0	0
fsh-generated/resources/Bundle-Presc-MATRIFEN-patch-TL72h.json	4014	2	1	0	0	0	0	0	0	6	0	0	0	0	0	0	0	0	0	0	5	14	11	0	0	0	0	0	0
fsh-generated/resources/Bundle-Presc-MV-PerfGl-NaCl-KCl.json	2606	2	1	0	0	0	0	0	0	5	0	0	0	0	0	0	0	0	0	0	4	10	10	0	0	0	0	0	0
fsh-generated/resources/Bundle-Presc-Methylpredinosolone-DosesEvolutives.json	4807	2	1	0	0	0	0	0	1	6	0	0	0	0	0	0	0	0	0	0	5	14	10	0	0	0	0	0	0
fsh-generated/resources/Bundle-Presc-MiniperfCefotaxime-En20min-Pdt3j.json	6225	2	1	0	0	0	0	0	0	6	0	0	0	0	0	0	0	0	0	0	4	24	14	0	0	0	0	0	0
fsh-generated/resources/Bundle-Presc-MiniperfCefotaxime-En20min-Pdt4j.json	5969	3	1	0	0	0	0	0	1	7	0	0	0	0	0	0	0	0	0	0	4	20	12	0	0	0	0	0	0
fsh-generated/resources/Bundle-Presc-NICORETTESKIN-patch.json	4091	2	1	0	0	0	0	0	0	7	0	0	0	0	0	0	0	0	0	0	3	15	13	0	0	0	0	0	0
fsh-generated/resources/Bundle-Presc-Nicotine-15mgPar16h.json	2782	1	0	0	0	0	0	0	1	5	0	0	0	0	0	0	0	0	0	0	3	11	10	0	0	0	0	0	0
fsh-generated/resources/Bundle-Presc-Paracetamol-DoseEvolutive.json	3666	2	1	0	0	0	0	0	0	6	0	0	0	0	0	0	0	0	0	0	4	12	12	0	0	0	0	0	0
fsh-generated/resources/Bundle-Presc-Paracetamol-SiDouleur-MaxPrise-DelaisMin.json	3874	2	1	0	0	0	0	0	0	5	0	0	0	0	0	0	0	0	0	0	4	13	10	0	0	0	0	0	0
fsh-generated/resources/Bundle-Presc-Paracetamol-TL6h.json	2678	2	1	0	0	0	0	0	1	5	0	0	0	0	0	0	0	0	0	0	4	8	11	0	0	0	0	0	0
fsh-generated/resources/Bundle-Presc-Paracetamol.json	2693	1	0	0	0	0	0	0	0	5	0	0	0	0	0	0	0	0	0	0	4	8	10	0	0	0	0	0	1
fsh-generated/resources/Bundle-Presc-ParacetamolCodeine-500mg30mg.json	4153	2	1	0	0	0	0	0	0	6	0	0	0	0	0	0	0	0	0	0	4	12	10	0	0	0	0	0	0
fsh-generated/resources/Bundle-Presc-PerfDobutamine-Qsp40mL.json	6338	3	1	0	0	0	0	0	1	6	0	0	0	0	0	0	0	0	0	0	4	22	13	0	0	0	0	0	0
fsh-generated/resources/Bundle-Presc-PerfGl-NaCl-KCl-1l.json	7390	2	2	0	0	0	0	0	1	198	0	0	0	0	0	0	0	0	0	0	3	24	13	0	0	0	0	0	0
fsh-generated/resources/Bundle-Presc-PerfGl-NaCl-KCl-500ml.json	7164	3	1	0	0	0	0	0	0	10	0	0	0	0	0	0	0	0	0	0	4	24	13	0	0	0	0	0	0
fsh-generated/resources/Bundle-Presc-SolPrPerf-BIONOLYTE-G5-500mL-Sur12h.json	3768	2	1	0	0	0	0	0	1	4	0	0	0	0	0	0	0	0	0	0	4	13	11	0	0	0	0	0	0
fsh-generated/resources/Bundle-TradPN13FHIR-MultiLine-Presc-Alt-METFORMINE-GLICLAZIDE.json	12611	4	11	0	0	0	0	0	1	60	0	0	0	0	0	0	0	0	0	0	4	40	14	0	0	0	0	0	0
fsh-generated/resources/Bundle-TradPN13FHIR-Presc-DOLIPRANE-Interpret.json	4068	2	1	0	0	0	0	0	0	4	0	0	0	0	0	0	0	0	0	0	4	13	8	0	0	0	0	0	0
fsh-generated/resources/Bundle-TradPN13FHIR-Presc-DOLIPRANE.json	4209	2	1	0	0	0	0	0	0	3	0	0	0	0	0	0	0	0	0	0	4	14	7	0	0	0	0	0	0
fsh-generated/resources/Bundle-TradPN13FHIR-Presc-Morphine-PCA.json	7852	3	1	0	0	0	0	0	1	3	0	0	0	0	0	0	0	0	0	0	5	22	10	0	0	0	0	0	0
fsh-generated/resources/Bundle-TradPN13FHIR-Presc-Paracetamol-SiDouleur.json	9471	3	8	0	0	0	0	0	1	15	0	0	0	0	0	0	0	0	0	0	4	31	11	0	0	0	0	0	0
fsh-generated/resources/Bundle-TradPN13FHIR-Presc-Paracetamol.json	9727	4	2	0	0	0	0	0	1	12	0	0	0	0	0	0	0	0	0	0	5	33	16	0	0	0	0	0	0
fsh-generated/resources/Bundle-TradPN13FHIR-Presc-perfusion-6-composants.json	16026	5	3	0	0	0	0	0	1	211	0	0	0	0	0	0	0	0	0	0	5	52	15	0	0	0	0	0	1
fsh-generated/resources/CodeSystem-fr-additional-action-relationship-type.json	866	1	0	0	0	0	0	0	0	7	0	0	0	0	0	0	0	0	0	0	4	9	52	0	0	0	1	0	0
fsh-generated/resources/CodeSystem-fr-additional-when-codes-cs.json	3090	2	0	0	0	0	0	0	1	3	0	0	0	0	0	0	0	0	0	0	5	15	45	0	0	0	0	0	0
fsh-generated/resources/CodeSystem-fr-note-scope-codes.json	1617	1	0	0	0	0	0	0	0	2	0	0	0	0	0	0	0	1	0	0	5	11	37	0	0	0	0	0	0
fsh-generated/resources/CodeSystem-fr-uf-role-codes.json	875	1	0	0	0	0	0	0	0	2	0	0	0	0	0	0	0	0	0	0	5	8	30	0	0	0	1	0	0
fsh-generated/resources/ConceptMap-PN13-FHIR-FreeSetCIODC-Forme-ConceptMap.json	147667	34	0	0	1	0	0	0	16	72	0	0	0	0	0	0	0	0	0	0	20	306	316	0	0	0	14	0	1
fsh-generated/resources/ConceptMap-PN13-FHIR-FreeSetCIODC-Unite-ConceptMap.json	25921	9	0	0	0	0	0	0	3	19	0	0	0	0	0	0	0	1	0	0	9	53	70	0	0	0	2	0	0
fsh-generated/resources/ConceptMap-PN13-FHIR-FreeSetCIODC-Voie-ConceptMap.json	32090	9	0	0	0	0	0	0	3	19	0	0	0	0	0	0	0	0	0	0	8	65	52	0	0	0	5	0	0
fsh-generated/resources/ConceptMap-PN13-FHIR-gender-conceptmap.json	1938	2	0	0	0	0	0	0	0	7	0	0	0	0	0	0	0	0	0	0	6	8	18	0	0	0	1	0	1
fsh-generated/resources/ConceptMap-PN13-FHIR-observation-conceptmap.json	18349	4	0	0	0	0	0	0	2	14	0	0	0	0	0	0	0	0	0	0	5	53	35	0	0	0	1	0	0
fsh-generated/resources/ConceptMap-PN13-FHIR-prescmed-dosageinstruction-conceptmap.json	170319	27	0	0	0	0	0	0	10	59	0	0	0	0	0	0	0	1	0	0	11	386	162	0	0	0	26	0	1
fsh-generated/resources/ConceptMap-PN13-FHIR-prescmed-encounter-conceptmap.json	1691	3	0	0	0	0	0	0	0	7	0	0	0	0	0	0	0	0	0	0	4	9	17	0	0	0	0	0	0
fsh-generated/resources/ConceptMap-PN13-FHIR-prescmed-medicationcomp-conceptmap.json	3424	1	0	0	0	0	0	0	0	6	0	0	0	0	0	0	0	0	0	0	5	11	17	0	0	0	1	0	0
fsh-generated/resources/ConceptMap-PN13-FHIR-prescmed-medicationnoncompound-conceptmap.json	22889	4	0	0	0	0	0	0	1	13	0	0	0	0	0	0	0	0	0	0	6	63	37	0	1	0	5	0	0
fsh-generated/resources/ConceptMap-PN13-FHIR-prescmed-medicationrequest-conceptmap.json	45463	8	0	0	0	0	0	0	3	19	0	0	0	0	0	0	0	0	0	0	6	118	49	0	0	0	5	0	1
fsh-generated/resources/ConceptMap-PN13-FHIR-prescmed-patient-avec-INS-conceptmap.json	9677	3	0	0	0	0	0	0	0	10	0	0	0	0	0	0	0	0	0	0	5	30	29	0	0	0	1	0	0
fsh-generated/resources/ConceptMap-PN13-FHIR-prescmed-patient-id-seul-conceptmap.json	1587	1	0	0	0	0	0	0	1	6	0	0	0	0	0	0	0	0	0	0	4	7	15	0	0	0	0	0	0
fsh-generated/resources/ConceptMap-PN13-FHIR-prescmed-patient-sans-INS-conceptmap.json	7372	2	0	0	0	0	0	0	0	8	0	0	0	0	0	0	0	0	0	0	5	24	23	0	0	0	1	0	0
fsh-generated/resources/ConceptMap-PN13-FHIR-prescmed-practitioner-id-seul-conceptmap.json	1543	1	0	0	0	0	1	0	0	6	0	0	0	0	0	0	0	0	0	0	5	7	17	0	0	0	1	0	0
fsh-generated/resources/ConceptMap-PN13-FHIR-prescmed-practitioner-identite-conceptmap.json	4965	2	0	0	0	0	0	0	1	7	0	0	0	0	0	0	0	0	0	0	4	18	20	0	0	0	0	0	0
fsh-generated/resources/StructureDefinition-FrRangeMedication.json	1966	2	0	21	0	0	0	0	0	60	0	0	0	0	0	0	0	0	0	0	1	30	448	0	0	0	2	0	0
fsh-generated/resources/StructureDefinition-FrRatioMedication.json	1623	2	0	11	0	0	0	0	0	6	0	0	1	0	0	0	0	0	0	0	1	29	129	0	0	0	1	0	0
fsh-generated/resources/StructureDefinition-FrSimpleQuantityMedication.json	2408	1	0	5	0	0	0	0	0	9	0	0	0	0	0	0	0	0	0	0	0	37	112	0	0	0	2	0	0
fsh-generated/resources/StructureDefinition-fr-additional-action-relationship.json	1766	2	0	8	0	0	0	0	0	10	0	0	0	0	0	0	0	0	0	0	1	31	205	0	0	0	1	0	1
fsh-generated/resources/StructureDefinition-fr-additional-when-values.json	1621	1	0	9	0	0	0	0	0	7	0	0	0	0	0	0	0	0	0	0	0	31	95	0	0	0	1	0	0
fsh-generated/resources/StructureDefinition-fr-basis-of-dose-component.json	1973	2	0	8	0	0	0	0	0	7	0	0	0	0	0	0	0	1	0	0	1	32	84	0	0	0	1	0	0
fsh-generated/resources/StructureDefinition-fr-drug-characteristic.json	3532	1	0	12	0	0	0	0	0	28	0	0	0	0	0	0	0	0	0	0	0	85	124	0	0	0	2	0	0
fsh-generated/resources/StructureDefinition-fr-inpatient-medicationrequest.json	3655	2	0	172	0	0	0	0	0	47	0	0	0	0	0	0	0	1	0	0	1	366	489	0	0	0	17	1	2
fsh-generated/resources/StructureDefinition-fr-is-vehicle.json	1463	2	0	9	0	0	0	0	0	7	0	0	0	0	0	0	0	0	0	0	0	32	80	0	0	0	1	0	0
fsh-generated/resources/StructureDefinition-fr-ligne-prescription.json	5230	2	0	6	0	0	0	0	0	16	0	0	0	0	0	0	0	0	0	0	1	52	83	0	0	0	1	0	0
fsh-generated/resources/StructureDefinition-fr-medication-compound.json	4087	2	0	15	0	0	0	0	0	20	0	0	0	0	0	0	0	1	0	0	1	107	166	0	0	1	3	0	0
fsh-generated/resources/StructureDefinition-fr-medication-noncompound.json	8096	2	0	21	0	0	0	0	0	21	0	0	0	0	0	0	0	0	0	0	1	134	171	0	0	0	5	0	0
fsh-generated/resources/StructureDefinition-fr-medication.json	4361	1	0	16	0	0	0	0	0	14	0	0	0	0	0	0	0	0	0	0	1	98	120	0	0	0	3	0	1
fsh-generated/resources/StructureDefinition-fr-medicationrequest-note-scope.json	1637	2	0	3	1	0	0	0	0	7	0	0	0	0	0	0	0	0	0	0	0	31	72	0	0	0	1	0	0
fsh-generated/resources/StructureDefinition-fr-medicationrequest.json	11713	3	0	3	0	0	0	0	1	53	0	0	0	0	0	0	0	1	0	0	1	377	351	0	0	0	13	0	1
fsh-generated/resources/StructureDefinition-fr-mp-substance.json	2194	1	0	4	0	0	0	0	0	8	0	0	0	0	0	0	0	1	0	0	1	31	72	0	0	0	1	0	0
fsh-generated/resources/StructureDefinition-fr-observation-for-prescription.json	1213	2	0	21	0	0	0	0	0	15	0	0	1	0	0	0	0	0	0	0	0	145	196	0	0	0	5	0	0
fsh-generated/resources/StructureDefinition-fr-posologie.json	15623	4	0	10	0	0	0	0	0	24	0	0	0	0	0	0	0	0	0	0	2	141	123	0	0	0	4	0	1
fsh-generated/resources/StructureDefinition-fr-prescription-bundle-for-example.json	1669	1	0	16	0	0	0	0	0	13	0	0	0	0	0	0	0	1	0	0	1	111	136	0	0	0	3	0	0
fsh-generated/resources/StructureDefinition-fr-requestgroup-for-prescription.json	1933	1	0	19	0	0	0	0	0	17	0	0	0	0	0	0	0	0	0	0	0	128	146	0	0	0	5	0	1
fsh-generated/resources/StructureDefinition-fr-treatment-intent.json	1858	2	0	4	0	0	0	0	0	5	0	0	0	0	0	0	0	0	0	0	0	31	77	0	0	0	2	0	0
fsh-generated/resources/StructureDefinition-fr-uf-role.json	1543	1	0	3	0	0	0	0	0	5	0	0	0	0	0	0	0	0	0	0	0	30	70	0	0	0	1	0	0
fsh-generated/resources/ValueSet-FrMethodOfAdministration.json	673	2	0	0	0	0	0	0	0	386	0	0	0	0	0	0	0	0	0	0	7	6	247	0	0	0	1	0	0
fsh-generated/resources/ValueSet-fr-additional-action-relationship-type-value-set.json	887	1	0	0	0	0	0	0	0	3	0	0	0	0	0	0	0	0	0	0	5	6	25	0	0	0	0	0	0
fsh-generated/resources/ValueSet-fr-additional-when-codes-vs.json	814	2	0	0	0	0	0	0	0	3	0	0	0	0	0	0	0	0	0	0	5	6	25	0	0	0	1	0	0
fsh-generated/resources/ValueSet-fr-inpatient-medication-code.json	827	1	0	0	0	0	0	0	0	3	0	0	0	0	0	0	0	0	0	0	6	7	30	0	0	0	0	0	0
fsh-generated/resources/ValueSet-fr-medication-code.json	945	1	0	0	0	0	0	0	0	3	0	0	0	0	0	0	0	0	0	0	5	7	38	0	0	0	0	0	0
fsh-generated/resources/ValueSet-fr-mp-dose-form.json	622	2	0	0	0	0	0	0	1	3	0	0	0	0	0	0	0	0	0	0	4	5	165	0	0	0	0	1	0
fsh-generated/resources/ValueSet-fr-note-scope-codes-vs.json	774	1	0	0	0	0	0	0	0	3	0	0	0	0	0	0	0	0	0	0	2	7	26	0	0	0	1	0	0
fsh-generated/resources/ValueSet-fr-route-of-administration.json	674	1	0	0	0	0	0	0	0	3	0	0	0	0	0	0	0	0	0	0	3	6	142	0	0	0	0	0	0
fsh-generated/resources/ValueSet-fr-substance-code.json	708	2	0	0	0	0	0	0	0	2	0	0	0	0	0	0	0	0	0	0	2	5	26	0	0	0	0	0	0
fsh-generated/resources/ValueSet-fr-treatment-intent.json	868	1	0	0	0	0	0	0	0	4	0	0	0	0	0	0	0	1	0	0	2	7	27	0	0	0	1	0	0
fsh-generated/resources/ValueSet-fr-uf-role-code-for-prescription.json	724	1	0	0	0	0	0	0	0	3	0	0	0	0	0	0	0	0	0	0	2	5	21	0	0	0	0	0	0
/input/includes/markdown-link-references.md	104	-	-	-	0	0	0	0	0	0	0	0	0	0	0	0	0	0	0	0	0	0	1	0	0	0	0	0	0
/fsh-generated/includes/menu.xml	3710	-	-	-	0	0	0	0	0	0	0	0	0	0	0	0	0	0	0	0	0	0	0	0	0	0	0	0	0
/fsh-generated/includes/fsh-link-references.md	10439	-	-	-	0	0	0	0	0	0	0	0	0	0	0	0	0	0	0	0	0	0	0	0	0	0	0	0	0
/input/data/features.yml	176	-	-	-	0	0	0	0	0	0	0	0	0	0	0	0	0	0	0	0	0	0	0	0	0	0	0	0	0
/input/pagecontent/prescription-Document.md	100	-	-	-	0	0	0	0	0	0	0	0	0	0	0	0	0	0	0	0	0	0	0	0	0	0	0	0	0
/input/pagecontent/PN13-prescription-compound.md	7297	-	-	-	0	0	0	0	0	0	0	0	0	0	0	0	0	0	0	0	0	0	1	0	0	0	0	0	0
/input/pagecontent/prescription-Intro.md	5689	-	-	-	0	0	0	0	0	0	0	0	0	0	0	0	0	0	0	0	0	0	1	0	0	0	0	0	0
/input/pagecontent/PN13-prescription-specialite.md	13208	-	-	-	0	0	0	0	0	0	0	0	0	0	0	0	0	0	0	0	0	0	1	0	0	0	0	0	0
/input/pagecontent/PN13-prescription-MV.md	104	-	-	-	0	0	0	0	0	0	0	0	0	0	0	0	0	0	0	0	0	0	0	0	0	0	0	0	0
/input/pagecontent/prescription-Modelisation.md	40802	-	-	-	0	0	0	0	0	0	0	0	0	0	0	0	0	0	0	0	0	0	2	0	0	0	0	0	0
/input/pagecontent/prescription-Exemples.md	21824	-	-	-	0	0	0	0	0	0	0	0	0	0	0	0	0	0	0	0	0	0	1	0	0	0	0	0	0
/input/pagecontent/transformation-FHIR-vers-PN13.md	250	-	-	-	0	0	0	0	0	0	0	0	0	0	0	0	0	0	0	0	0	0	0	0	0	0	0	0	0
/input/pagecontent/transformationPN13-FHIR-Intro.md	1567	-	-	-	0	0	0	0	0	0	0	0	0	0	0	0	0	0	0	0	0	0	0	0	0	0	0	0	0
/input/pagecontent/prescription-CasUsage.md	3295	-	-	-	0	0	0	0	0	0	0	0	0	0	0	0	0	0	0	0	0	0	0	0	0	0	0	0	0
/input/pagecontent/downloads.md	1039	-	-	-	0	0	0	0	0	0	0	0	0	0	0	0	0	0	0	0	0	0	0	0	0	0	0	0	0
/input/pagecontent/prescription-VueEnsemble.md	3363	-	-	-	0	0	0	0	0	0	0	0	0	0	0	0	0	0	0	0	0	0	0	0	0	0	0	0	0
/input/pagecontent/PN13-prescription-DC.md	8144	-	-	-	0	0	0	0	0	0	0	0	0	0	0	0	0	0	0	0	0	0	1	0	0	0	0	0	0
/input/pagecontent/change-log.md	6271	-	-	-	0	0	0	0	0	0	0	0	0	0	0	0	0	0	0	0	0	0	0	0	0	0	0	0	0
/input/pagecontent/transformation-PN13-vers-FHIR.md	26077	-	-	-	0	0	0	0	0	0	0	0	0	0	0	0	0	0	0	0	0	0	1	0	0	0	0	0	0
/input/pagecontent/index.md	8724	-	-	-	0	0	0	0	0	0	0	0	0	0	0	0	0	0	0	0	0	0	0	0	0	0	0	0	0
/template/config	0	-	-	-	0	0	0	0	0	0	0	0	0	0	0	0	0	0	0	0	0	0	1	0	0	0	0	0	0
/template/config/_config.yml	31	-	-	-	0	0	0	0	0	0	0	0	0	0	0	0	0	0	0	0	0	0	0	0	0	0	0	0	0
/input/images	0	-	-	-	0	0	0	0	0	0	0	0	0	0	0	0	0	0	0	0	0	0	0	0	0	0	0	0	0
/input/images/LOGO_IS.png	64824	-	-	-	0	0	0	0	0	0	0	0	0	0	0	0	0	0	0	0	0	0	0	0	0	0	0	0	0
/input/images/PosologieAnnotee1.jpg	40707	-	-	-	0	0	0	0	0	0	0	0	0	0	0	0	0	0	0	0	0	0	0	0	0	0	0	0	0
/input/images/Prescription2.jpg	40900	-	-	-	0	0	0	0	0	0	0	0	0	0	0	0	0	0	0	0	0	0	0	0	0	0	0	0	0
/input/images/Prescription3.jpg	40031	-	-	-	0	0	0	0	0	0	0	0	0	0	0	0	0	0	0	0	0	0	0	0	0	0	0	0	0
/input/images/Conciliation1.jpg	134555	-	-	-	0	0	0	0	0	0	0	0	0	0	0	0	0	0	0	0	0	0	0	0	0	0	0	0	0
/input/images/Conciliation3.jpg	39545	-	-	-	0	0	0	0	0	0	0	0	0	0	0	0	0	0	0	0	0	0	1	0	0	0	0	0	0
/input/images/Prescription5.jpg	61306	-	-	-	0	0	0	0	0	0	0	0	0	0	0	0	0	0	0	0	0	0	0	0	0	0	0	0	0
/input/images/Dispensation1.png	78270	-	-	-	0	0	0	0	0	0	0	0	0	0	0	0	0	0	0	0	0	0	0	0	0	0	0	0	0
/input/images/Prescription6.jpg	65626	-	-	-	0	0	0	0	0	0	0	0	0	0	0	0	0	0	0	0	0	0	0	0	0	0	0	0	0
/input/images/Conciliation2.jpg	185958	-	-	-	0	0	0	0	0	0	0	0	0	0	0	0	0	0	0	0	0	0	0	0	0	0	0	0	0
/input/images/ExemplePrescriptionAnnotee.jpg	175332	-	-	-	0	0	0	0	0	0	0	0	0	0	0	0	0	0	0	0	0	0	0	0	0	0	0	0	0
/input/images/PosologieAnnotee2.jpg	80010	-	-	-	0	0	0	0	0	0	0	0	0	0	0	0	0	0	0	0	0	0	0	0	0	0	0	0	0
/temp/pages/_includes/artifacts.xml	69088	-	-	-	-	-	-	-	-	-	-	-	-	-	-	-	-	-	-	-	-	-	3	0	0	0	0	0	0
