{
  "resourceType" : "ConceptMap",
  "id" : "PN13-FHIR-prescmed-medicationnoncompound-conceptmap",
  "text" : {
    "status" : "generated",
    "div" : "<div xmlns=\"http://www.w3.org/1999/xhtml\"><p class=\"res-header-id\"><b>Narratif généré : CarteDeConcepts PN13-FHIR-prescmed-medicationnoncompound-conceptmap</b></p><a name=\"PN13-FHIR-prescmed-medicationnoncompound-conceptmap\"> </a><a name=\"hcPN13-FHIR-prescmed-medicationnoncompound-conceptmap\"> </a><p>Mapping de https://interopsante.org/pn13/xsd vers <a href=\"StructureDefinition-fr-medication-noncompound.html\">FR Medication Non Compound</a></p><br/><p><b>Groupe 1 </b>Mapping de <code>terminologie de référence (CodeSystem) non spécifiée</code> to <code>terminologie de référence (CodeSystem) non spécifiée</code></p><table class=\"grid\"><tr><td><b>Code source</b></td><td><b>relation</b></td><td><b>Code cible</b></td></tr><tr><td>Messages/M_prescription_médicaments/Prescription/Elément_prescr_médic/Composant_prescrit/Type_composant_1</td><td colspan=\"2\" style=\"background-color: #efefef\">(not mapped)</td></tr><tr><td>Messages/M_prescription_médicaments/Prescription/Elément_prescr_médic/Composant_prescrit/Type_composant_2</td><td colspan=\"2\" style=\"background-color: #efefef\">(not mapped)</td></tr><tr><td>Messages/M_prescription_médicaments/Prescription/Elément_prescr_médic/Composant_prescrit/Type_composant_3</td><td colspan=\"2\" style=\"background-color: #efefef\">(not mapped)</td></tr><tr><td>Messages/M_prescription_médicaments/Prescription/Elément_prescr_médic/Composant_prescrit/Type_composant_4</td><td colspan=\"2\" style=\"background-color: #efefef\">(not mapped)</td></tr><tr><td>Messages/M_prescription_médicaments/Prescription/Elément_prescr_médic/Composant_prescrit/Type_composant_5</td><td colspan=\"2\" style=\"background-color: #efefef\">(not mapped)</td></tr><tr><td>Messages/M_prescription_médicaments/Prescription/Elément_prescr_médic/Composant_prescrit/Type_composant_6</td><td colspan=\"2\" style=\"background-color: #efefef\">(not mapped)</td></tr><tr><td>Messages/M_prescription_médicaments/Prescription/Elément_prescr_médic/Composant_prescrit/Type_composant_7</td><td colspan=\"2\" style=\"background-color: #efefef\">(not mapped)</td></tr><tr><td>Messages/M_prescription_médicaments/Prescription/Elément_prescr_médic/Composant_prescrit/Type_composant_8</td><td colspan=\"2\" style=\"background-color: #efefef\">(not mapped)</td></tr><tr><td>Messages/M_prescription_médicaments/Prescription/Elément_prescr_médic/Composant_prescrit/Type_composant_9</td><td colspan=\"2\" style=\"background-color: #efefef\">(not mapped)</td></tr><tr><td>Messages/M_prescription_médicaments/Prescription/Elément_prescr_médic/Composant_prescrit/Type_composant_10</td><td colspan=\"2\" style=\"background-color: #efefef\">(not mapped)</td></tr><tr><td>Messages/M_prescription_médicaments/Prescription/Elément_prescr_médic/Composant_prescrit/Type_composant_11</td><td colspan=\"2\" style=\"background-color: #efefef\">(not mapped)</td></tr><tr><td>Messages/M_prescription_médicaments/Prescription/Elément_prescr_médic/Composant_prescrit/Type_composant_12</td><td colspan=\"2\" style=\"background-color: #efefef\">(not mapped)</td></tr><tr><td>Messages/M_prescription_médicaments/Prescription/Elément_prescr_médic/Composant_prescrit/Type_composant_13</td><td colspan=\"2\" style=\"background-color: #efefef\">(not mapped)</td></tr><tr><td>Messages/M_prescription_médicaments/Prescription/Elément_prescr_médic/Composant_prescrit/Type_composant_14</td><td colspan=\"2\" style=\"background-color: #efefef\">(not mapped)</td></tr></table><hr/><p><b>Groupe 2 </b>Mapping de <code>terminologie de référence (CodeSystem) non spécifiée</code> to <code>terminologie de référence (CodeSystem) non spécifiée</code></p><table class=\"grid\"><tr><td colspan=\"2\"><b>Détails du concept source</b></td><td><b>relation</b></td><td colspan=\"3\"><b>Détails du concept cible</b></td><td><b>Commentaire</b></td></tr><tr><td colspan=\"2\"><b>Codes</b> de </td><td/><td colspan=\"2\"><b>Codes</b> de </td><td><b>Medication.code.coding.system</b></td><td/></tr><tr><td style=\"border-right-width: 0px\">Messages/M_prescription_médicaments/Prescription/Elément_prescr_médic/Composant_prescrit/Code_composant_1</td><td style=\"border-left-width: 0px\"/><td><a href=\"http://hl7.org/fhir/R5/codesystem-concept-map-relationship.html#equivalent\" title=\"equivalent\">is equivalent to</a></td><td style=\"border-right-width: 0px\">Medication.code.coding.code</td><td style=\"border-left-width: 0px\"/><td>http://data.esante.gouv.fr/ansm/medicament/UCD</td><td>Le code à utiliser en FHIR est un code UCD13, ce qui veut dire que si le code fournit dans la prescription PN13 n'est par un code UCD13, il convient de le traduire en UCD13 pour alimenter #Medication.code.coding.code</td></tr><tr><td style=\"border-right-width: 0px\">Messages/M_prescription_médicaments/Prescription/Elément_prescr_médic/Composant_prescrit/Code_composant_2</td><td style=\"border-left-width: 0px\"/><td><a href=\"http://hl7.org/fhir/R5/codesystem-concept-map-relationship.html#equivalent\" title=\"equivalent\">is equivalent to</a></td><td style=\"border-right-width: 0px\">Medication.code.coding.code</td><td style=\"border-left-width: 0px\"/><td>http://data.esante.gouv.fr/ansm/medicament/UCD</td><td>Le code à utiliser en FHIR est un code UCD13, ce qui veut dire que si le code fournit dans la prescription PN13 n'est pas un code UCD13, il convient de le traduire en UCD13 pour alimenter #Medication.code.coding.code</td></tr><tr><td style=\"border-right-width: 0px\">Messages/M_prescription_médicaments/Prescription/Elément_prescr_médic/Composant_prescrit/Code_composant_3</td><td style=\"border-left-width: 0px\"/><td><a href=\"http://hl7.org/fhir/R5/codesystem-concept-map-relationship.html#equivalent\" title=\"equivalent\">is equivalent to</a></td><td style=\"border-right-width: 0px\">Medication.code.coding.code</td><td style=\"border-left-width: 0px\"/><td/><td>Le code à utiliser en FHIR est un code SMS s'il existe ou un code technique ANSM dans l'attente de l'attribution d'un code SMS, ce qui veut dire que si le code fournit n'est pas un code SMS, il convient de vérifier que c'est un code technique ANSM pour lequel il n'existe pas de code SMS ou, dans le cas contraitre, de traduire le code en code SMS. Le système à utiliser est soit http://data.esante.gouv.fr/ansm/medicament/CodeSMS pour les codes SMS, soit http://data.esante.gouv.fr/ansm/medicament/Substance pour les codes techniques ANSM</td></tr><tr><td style=\"border-right-width: 0px\">Messages/M_prescription_médicaments/Prescription/Elément_prescr_médic/Composant_prescrit/Code_composant_4</td><td style=\"border-left-width: 0px\"/><td><a href=\"http://hl7.org/fhir/R5/codesystem-concept-map-relationship.html#equal\" title=\"equal\">is equal to</a></td><td style=\"border-right-width: 0px\">Medication.code.coding.code</td><td style=\"border-left-width: 0px\"/><td/><td>Le code utilisé pour une préparation hospitalière est un code local, Medication.code.coding.system est alors à définir pour identifier dans quel périmètre ce code peut être compris</td></tr><tr><td style=\"border-right-width: 0px\">Messages/M_prescription_médicaments/Prescription/Elément_prescr_médic/Composant_prescrit/Code_composant_5</td><td style=\"border-left-width: 0px\"/><td><a href=\"http://hl7.org/fhir/R5/codesystem-concept-map-relationship.html#equivalent\" title=\"equivalent\">is equivalent to</a></td><td style=\"border-right-width: 0px\">Medication.code.coding.code</td><td style=\"border-left-width: 0px\"/><td>http://data.esante.gouv.fr/ansm/medicament/UCD</td><td>Le code à utiliser en FHIR est un code UCD13, ce qui veut dire que si le code fournit dans la prescription PN13 n'est par un code UCD13, il convient de le traduire en UCD13 pour alimenter #Medication.code.coding.code</td></tr><tr><td style=\"border-right-width: 0px\">Messages/M_prescription_médicaments/Prescription/Elément_prescr_médic/Composant_prescrit/Code_composant_6</td><td style=\"border-left-width: 0px\"/><td><a href=\"http://hl7.org/fhir/R5/codesystem-concept-map-relationship.html#equivalent\" title=\"equivalent\">is equivalent to</a></td><td style=\"border-right-width: 0px\">Medication.code.coding.code</td><td style=\"border-left-width: 0px\"/><td>http://data.esante.gouv.fr/ansm/medicament/UCD</td><td>Le code à utiliser en FHIR est un code UCD13, ce qui veut dire que si le code fournit dans la prescription PN13 n'est par un code UCD13, il convient de le traduire en UCD13 pour alimenter #Medication.code.coding.code</td></tr><tr><td style=\"border-right-width: 0px\">Messages/M_prescription_médicaments/Prescription/Elément_prescr_médic/Composant_prescrit/Code_composant_7</td><td style=\"border-left-width: 0px\"/><td><a href=\"http://hl7.org/fhir/R5/codesystem-concept-map-relationship.html#equal\" title=\"equal\">is equal to</a></td><td style=\"border-right-width: 0px\">Medication.code.coding.code</td><td style=\"border-left-width: 0px\"/><td/><td>Le code utilisé pour une préparation magistrale est un code local, Medication.code.coding.system est alors à définir pour identifier dans quel périmètre ce code peut être compris</td></tr><tr><td style=\"border-right-width: 0px\">Messages/M_prescription_médicaments/Prescription/Elément_prescr_médic/Composant_prescrit/Code_composant_8</td><td style=\"border-left-width: 0px\"/><td><a href=\"http://hl7.org/fhir/R5/codesystem-concept-map-relationship.html#equivalent\" title=\"equivalent\">is equivalent to</a></td><td style=\"border-right-width: 0px\">Medication.code.coding.code</td><td style=\"border-left-width: 0px\"/><td/><td>Le code à utiliser en FHIR est un code SMS s'il existe ou un code technique ANSM dans l'attente de l'attribution d'un code SMS, ce qui veut dire que si le code fournit n'est pas un code SMS, il convient de vérifier que c'est un code technique ANSM pour lequel il n'existe pas de code SMS ou, dans le cas contraitre, de traduire le code en code SMS. Le système à utiliser est soit http://data.esante.gouv.fr/ansm/medicament/CodeSMS pour les codes SMS, soit http://data.esante.gouv.fr/ansm/medicament/Substance pour les codes techniques ANSM</td></tr><tr><td style=\"border-right-width: 0px\">Messages/M_prescription_médicaments/Prescription/Elément_prescr_médic/Composant_prescrit/Code_composant_9</td><td style=\"border-left-width: 0px\"/><td><a href=\"http://hl7.org/fhir/R5/codesystem-concept-map-relationship.html#inexact\" title=\"inexact\">maps loosely to</a></td><td style=\"border-right-width: 0px\">Medication.code.coding.code</td><td style=\"border-left-width: 0px\"/><td/><td>Les codes locaux des bases médicamenteuses ne sont pas à utiliser seuls dans les prescription FHIR, ils peuvent être utiliser en complément d'un code SMS ou d'un code technique ANSM dans une autre occurrence de Medication.code.coding mais un code SMS ou un code technique ANSM doit être fourni dans la ressource FHIR</td></tr><tr><td style=\"border-right-width: 0px\">Messages/M_prescription_médicaments/Prescription/Elément_prescr_médic/Composant_prescrit/Code_composant_10</td><td style=\"border-left-width: 0px\"/><td><a href=\"http://hl7.org/fhir/R5/codesystem-concept-map-relationship.html#inexact\" title=\"inexact\">maps loosely to</a></td><td style=\"border-right-width: 0px\">Medication.code.coding.code</td><td style=\"border-left-width: 0px\"/><td/><td>Les codes locaux des bases médicamenteuses ne sont pas à utiliser seuls dans les prescription FHIR, ils peuvent être utiliser en complément d'un code SMS ou d'un code technique ANSM dans une autre occurrence de Medication.code.coding mais un code SMS ou un code technique ANSM doit être fourni dans la ressource FHIR</td></tr><tr><td style=\"border-right-width: 0px\">Messages/M_prescription_médicaments/Prescription/Elément_prescr_médic/Composant_prescrit/Code_composant_11</td><td style=\"border-left-width: 0px\"/><td><a href=\"http://hl7.org/fhir/R5/codesystem-concept-map-relationship.html#inexact\" title=\"inexact\">maps loosely to</a></td><td style=\"border-right-width: 0px\">Medication.code.coding.code</td><td style=\"border-left-width: 0px\"/><td/><td>Les codes locaux des bases médicamenteuses ne sont pas à utiliser seuls dans les prescription FHIR, ils peuvent être utiliser en complément d'un code SMS ou d'un code technique ANSM dans une autre occurrence de Medication.code.coding mais un code SMS ou un code technique ANSM doit être fourni dans la ressource FHIR</td></tr><tr><td style=\"border-right-width: 0px\">Messages/M_prescription_médicaments/Prescription/Elément_prescr_médic/Composant_prescrit/Code_composant_12</td><td style=\"border-left-width: 0px\"/><td><a href=\"http://hl7.org/fhir/R5/codesystem-concept-map-relationship.html#inexact\" title=\"inexact\">maps loosely to</a></td><td style=\"border-right-width: 0px\">Medication.code.coding.code</td><td style=\"border-left-width: 0px\"/><td/><td>Les codes locaux des bases médicamenteuses ne sont pas à utiliser seuls dans les prescription FHIR, ils peuvent être utiliser en complément d'un code SMS ou d'un code technique ANSM dans une autre occurrence de Medication.code.coding mais un code SMS ou un code technique ANSM doit être fourni dans la ressource FHIR</td></tr><tr><td style=\"border-right-width: 0px\">Messages/M_prescription_médicaments/Prescription/Elément_prescr_médic/Composant_prescrit/Code_composant_13</td><td style=\"border-left-width: 0px\"/><td><a href=\"http://hl7.org/fhir/R5/codesystem-concept-map-relationship.html#equivalent\" title=\"equivalent\">is equivalent to</a></td><td style=\"border-right-width: 0px\">Medication.code.coding.code</td><td style=\"border-left-width: 0px\"/><td/><td>Le code à utiliser en FHIR est un code SMS s'il existe ou un code technique ANSM dans l'attente de l'attribution d'un code SMS, ce qui veut dire que si le code fournit n'est pas un code SMS, il convient de vérifier que c'est un code technique ANSM pour lequel il n'existe pas de code SMS ou, dans le cas contraitre, de traduire le code en code SMS. Le système à utiliser est soit http://data.esante.gouv.fr/ansm/medicament/CodeSMS pour les codes SMS, soit http://data.esante.gouv.fr/ansm/medicament/Substance pour les codes techniques ANSM</td></tr><tr><td style=\"border-right-width: 0px\">Messages/M_prescription_médicaments/Prescription/Elément_prescr_médic/Composant_prescrit/Code_composant_14</td><td style=\"border-left-width: 0px\"/><td><a href=\"http://hl7.org/fhir/R5/codesystem-concept-map-relationship.html#inexact\" title=\"inexact\">maps loosely to</a></td><td style=\"border-right-width: 0px\">Medication.code.coding.code</td><td style=\"border-left-width: 0px\"/><td/><td>Les codes medicabase ne sont pas à utiliser seuls dans les prescription FHIR, ils peuvent être utiliser en complément d'un code SMS ou d'un code technique ANSM dans une autre occurrence de Medication.code.coding mais un code SMS ou un code technique ANSM doit être fourni dans la ressource FHIR</td></tr></table><hr/><p><b>Groupe 3 </b>Mapping de <code>terminologie de référence (CodeSystem) non spécifiée</code> to <code>terminologie de référence (CodeSystem) non spécifiée</code></p><table class=\"grid\"><tr><td><b>Code source</b></td><td><b>relation</b></td><td><b>Code cible</b></td></tr><tr><td>Messages/M_prescription_médicaments/Prescription/Elément_prescr_médic/Composant_prescrit/Libellé_composant</td><td><a href=\"http://hl7.org/fhir/R5/codesystem-concept-map-relationship.html#equal\" title=\"equal\">is equal to</a></td><td>Medication.code.text</td></tr></table><hr/><p><b>Groupe 4 </b>Mapping de <code>terminologie de référence (CodeSystem) non spécifiée</code> to <code>terminologie de référence (CodeSystem) non spécifiée</code></p><table class=\"grid\"><tr><td><b>Code source</b></td><td><b>relation</b></td><td><b>Code cible</b></td><td><b>Commentaire</b></td></tr><tr><td>Messages/M_prescription_médicaments/Prescription/Elément_prescr_médic/Composant_prescrit/Quantité_composant_prescrite</td><td><a href=\"http://hl7.org/fhir/R5/codesystem-concept-map-relationship.html#disjoint\" title=\"disjoint\">is not related to</a></td><td/><td>Cette élément est utilisé pour le mapping des doses/rates au niveau de la ressource ConceptMap PN13-FHIR-prescmed-dosageinstruction-conceptmap</td></tr></table><hr/><p><b>Groupe 5 </b>Mapping de <code>terminologie de référence (CodeSystem) non spécifiée</code> to <code>terminologie de référence (CodeSystem) non spécifiée</code></p><table class=\"grid\"><tr><td><b>Code source</b></td><td><b>relation</b></td><td><b>Code cible</b></td><td><b>Commentaire</b></td></tr><tr><td>Messages/M_prescription_médicaments/Prescription/Elément_prescr_médic/Composant_prescrit/Référent_poso</td><td><a href=\"http://hl7.org/fhir/R5/codesystem-concept-map-relationship.html#disjoint\" title=\"disjoint\">is not related to</a></td><td/><td>Cette élément est mappé au niveau de la ressource ConceptMap PN13-FHIR-prescmed-dosageinstruction-conceptmap</td></tr></table><hr/><p><b>Groupe 6 </b>Mapping de <code>terminologie de référence (CodeSystem) non spécifiée</code> to <code>terminologie de référence (CodeSystem) non spécifiée</code></p><table class=\"grid\"><tr><td><b>Code source</b></td><td><b>relation</b></td><td><b>Code cible</b></td></tr><tr><td>Messages/M_prescription_médicaments/Prescription/Elément_prescr_médic/Composant_prescrit/ALD_exonérante</td><td colspan=\"2\" style=\"background-color: #efefef\">(not mapped)</td></tr></table><hr/><p><b>Groupe 7 </b>Mapping de <code>terminologie de référence (CodeSystem) non spécifiée</code> to <code>terminologie de référence (CodeSystem) non spécifiée</code></p><table class=\"grid\"><tr><td><b>Code source</b></td><td><b>relation</b></td><td><b>Code cible</b></td><td><b>Commentaire</b></td></tr><tr><td>Messages/M_prescription_médicaments/Prescription/Elément_prescr_médic/Composant_prescrit/Indication</td><td><a href=\"http://hl7.org/fhir/R5/codesystem-concept-map-relationship.html#disjoint\" title=\"disjoint\">is not related to</a></td><td/><td>Prévu pour une version ultérieure de ce guide</td></tr></table><hr/><p><b>Groupe 8 </b>Mapping de <code>terminologie de référence (CodeSystem) non spécifiée</code> to <code>terminologie de référence (CodeSystem) non spécifiée</code></p><table class=\"grid\"><tr><td><b>Code source</b></td><td><b>relation</b></td><td><b>Code cible</b></td><td><b>Commentaire</b></td></tr><tr><td>Messages/M_prescription_médicaments/Prescription/Elément_prescr_médic/Composant_prescrit/Indication_structurée</td><td><a href=\"http://hl7.org/fhir/R5/codesystem-concept-map-relationship.html#disjoint\" title=\"disjoint\">is not related to</a></td><td/><td>Prévu pour une version ultérieure de ce guide</td></tr></table><hr/><p><b>Groupe 9 </b>Mapping de <code>terminologie de référence (CodeSystem) non spécifiée</code> to <code>terminologie de référence (CodeSystem) non spécifiée</code></p><table class=\"grid\"><tr><td><b>Code source</b></td><td><b>relation</b></td><td><b>Code cible</b></td><td><b>Commentaire</b></td></tr><tr><td>Messages/M_prescription_médicaments/Prescription/Elément_prescr_médic/Composant_prescrit/Commentaire</td><td><a href=\"http://hl7.org/fhir/R5/codesystem-concept-map-relationship.html#disjoint\" title=\"disjoint\">is not related to</a></td><td/><td>Prévu pour une version ultérieure de ce guide</td></tr></table><hr/><p><b>Groupe 10 </b>Mapping de <code>terminologie de référence (CodeSystem) non spécifiée</code> to <code>terminologie de référence (CodeSystem) non spécifiée</code></p><table class=\"grid\"><tr><td><b>Code source</b></td><td><b>relation</b></td><td><b>Code cible</b></td><td><b>Commentaire</b></td></tr><tr><td>Messages/M_prescription_médicaments/Prescription/Elément_prescr_médic/Composant_prescrit/Commentaire_structuré</td><td><a href=\"http://hl7.org/fhir/R5/codesystem-concept-map-relationship.html#disjoint\" title=\"disjoint\">is not related to</a></td><td/><td>Prévu pour une version ultérieure de ce guide</td></tr></table><hr/><p><b>Groupe 11 </b>Mapping de <code>terminologie de référence (CodeSystem) non spécifiée</code> to <code>terminologie de référence (CodeSystem) non spécifiée</code></p><table class=\"grid\"><tr><td><b>Code source</b></td><td><b>relation</b></td><td><b>Code cible</b></td></tr><tr><td>Messages/M_prescription_médicaments/Prescription/Elément_prescr_médic/Composant_prescrit/Véhicule</td><td><a href=\"http://hl7.org/fhir/R5/codesystem-concept-map-relationship.html#equal\" title=\"equal\">is equal to</a></td><td>Medication.extension($fr-is-vehicle).valueBoolean</td></tr></table><hr/><p><b>Groupe 12 </b>Mapping de <code>terminologie de référence (CodeSystem) non spécifiée</code> to <code>terminologie de référence (CodeSystem) non spécifiée</code></p><table class=\"grid\"><tr><td><b>Code source</b></td><td><b>relation</b></td><td><b>Code cible</b></td><td><b>Commentaire</b></td></tr><tr><td>Messages/M_prescription_médicaments/Prescription/Elément_prescr_médic/Composant_prescrit/Non_substituable</td><td><a href=\"http://hl7.org/fhir/R5/codesystem-concept-map-relationship.html#disjoint\" title=\"disjoint\">is not related to</a></td><td/><td>Cet élément est mappé au niveau de la ressource ConceptMap PN13-FHIR-prescmed-medicationrequest-conceptmap</td></tr></table><hr/><p><b>Groupe 13 </b>Mapping de <code>terminologie de référence (CodeSystem) non spécifiée</code> to <code>terminologie de référence (CodeSystem) non spécifiée</code></p><table class=\"grid\"><tr><td colspan=\"4\"><b>Détails du concept source</b></td><td><b>relation</b></td><td colspan=\"3\"><b>Détails du concept cible</b></td><td><b>Commentaire</b></td></tr><tr><td colspan=\"2\"><b>Codes</b> de </td><td><b>Elément_prescr_médic</b></td><td><b>Forme@Phastnomenclature</b></td><td/><td colspan=\"2\"><b>Codes</b> de </td><td><b>Medication.form.coding.system</b></td><td/></tr><tr><td style=\"border-right-width: 0px\">Messages/M_prescription_médicaments/Prescription/Elément_prescr_médic/Forme</td><td style=\"border-left-width: 0px\"/><td>{Présence de plusieurs éléments Elément_prescr_médic dans le message PN13}</td><td/><td><a href=\"http://hl7.org/fhir/R5/codesystem-concept-map-relationship.html#disjoint\" title=\"disjoint\">is not related to</a></td><td style=\"border-right-width: 0px\"/><td style=\"border-left-width: 0px\"/><td/><td>Dans le cas des médicaments composés, la forme est à indiqué au niveau de la ressource Medication chapeau suivant le profil fr-medication-compound</td></tr><tr><td style=\"border-right-width: 0px\">Messages/M_prescription_médicaments/Prescription/Elément_prescr_médic/Forme</td><td style=\"border-left-width: 0px\"/><td>{Présence d'un seul élément Elément_prescr_médic dans le message PN13}</td><td>SIPh-CIO_Forme</td><td><a href=\"http://hl7.org/fhir/R5/codesystem-concept-map-relationship.html#equivalent\" title=\"equivalent\">is equivalent to</a></td><td style=\"border-right-width: 0px\">Medication.form.coding.code</td><td style=\"border-left-width: 0px\"/><td/><td>le code cible est à trouver dans le mapping Free Set CIO-DC FORME</td></tr><tr><td style=\"border-right-width: 0px\">Messages/M_prescription_médicaments/Prescription/Elément_prescr_médic/Forme</td><td style=\"border-left-width: 0px\"/><td>{Présence d'un seul élément Elément_prescr_médic dans le message PN13}</td><td>{Absent}</td><td><a href=\"http://hl7.org/fhir/R5/codesystem-concept-map-relationship.html#equivalent\" title=\"equivalent\">is equivalent to</a></td><td style=\"border-right-width: 0px\">Medication.form.coding.code</td><td style=\"border-left-width: 0px\"/><td/><td>le code cible est à trouver dans le mapping Free Set CIO-DC FORME</td></tr><tr><td style=\"border-right-width: 0px\">Messages/M_prescription_médicaments/Prescription/Elément_prescr_médic/Forme</td><td style=\"border-left-width: 0px\"/><td>{Présence d'un seul élément Elément_prescr_médic dans le message PN13}</td><td>EDQM</td><td><a href=\"http://hl7.org/fhir/R5/codesystem-concept-map-relationship.html#equal\" title=\"equal\">is equal to</a></td><td style=\"border-right-width: 0px\">Medication.form.coding.code</td><td style=\"border-left-width: 0px\"/><td>http://standardterms.edqm.eu</td><td/></tr><tr><td style=\"border-right-width: 0px\">Messages/M_prescription_médicaments/Prescription/Elément_prescr_médic/Forme</td><td style=\"border-left-width: 0px\"/><td>{Présence d'un seul élément Elément_prescr_médic dans le message PN13}</td><td>SIPh-Forme</td><td><a href=\"http://hl7.org/fhir/R5/codesystem-concept-map-relationship.html#relatedto\" title=\"relatedto\">is related to</a></td><td style=\"border-right-width: 0px\">Medication.form.coding.code</td><td style=\"border-left-width: 0px\"/><td/><td>Certains codes cibles peuvent être trouvés dans le mapping Free Set CIO-DC FORME. Dans le cas contraire, si la traduction en EDQM n'est pas possible, Medication.form.text peut être utilisé mais pourrait poser des problèmes d'interprétation</td></tr></table></div>"
  },
  "url" : "https://hl7.fr/ig/fhir/eprescription/ConceptMap/PN13-FHIR-prescmed-medicationnoncompound-conceptmap",
  "version" : "0.1.0",
  "name" : "FrPN13FHIRMedicationNonCompoundConceptMap",
  "title" : "Conversion PN13 vers FHIR pour un médicament non composé d'une prescription de médicaments",
  "status" : "draft",
  "date" : "2025-10-28T15:26:04+00:00",
  "publisher" : "Interop'Santé",
  "contact" : [{
    "name" : "Interop'Santé",
    "telecom" : [{
      "system" : "url",
      "value" : "http://interopsante.org/"
    }]
  },
  {
    "name" : "Agence du Numérique en Santé (ANS) - 2-10 Rue d'Oradour-sur-Glane, 75015 Paris",
    "telecom" : [{
      "system" : "url",
      "value" : "https://esante.gouv.fr"
    },
    {
      "system" : "email",
      "value" : "monserviceclient.annuaire@esante.gouv.fr"
    }]
  }],
  "description" : "ConceptMap pour la conversion PN13 vers FHIR d'un médicament non composé d'une prescritpion de médicament",
  "jurisdiction" : [{
    "coding" : [{
      "system" : "urn:iso:std:iso:3166",
      "code" : "FR",
      "display" : "FRANCE"
    }]
  }],
  "sourceUri" : "https://interopsante.org/pn13/xsd",
  "targetUri" : "https://hl7.fr/ig/fhir/eprescription/StructureDefinition/fr-medication-noncompound",
  "group" : [{
    "element" : [{
      "code" : "Messages/M_prescription_médicaments/Prescription/Elément_prescr_médic/Composant_prescrit/Type_composant_1",
      "target" : [{
        "equivalence" : "unmatched"
      }]
    },
    {
      "code" : "Messages/M_prescription_médicaments/Prescription/Elément_prescr_médic/Composant_prescrit/Type_composant_2",
      "target" : [{
        "equivalence" : "unmatched"
      }]
    },
    {
      "code" : "Messages/M_prescription_médicaments/Prescription/Elément_prescr_médic/Composant_prescrit/Type_composant_3",
      "target" : [{
        "equivalence" : "unmatched"
      }]
    },
    {
      "code" : "Messages/M_prescription_médicaments/Prescription/Elément_prescr_médic/Composant_prescrit/Type_composant_4",
      "target" : [{
        "equivalence" : "unmatched"
      }]
    },
    {
      "code" : "Messages/M_prescription_médicaments/Prescription/Elément_prescr_médic/Composant_prescrit/Type_composant_5",
      "target" : [{
        "equivalence" : "unmatched"
      }]
    },
    {
      "code" : "Messages/M_prescription_médicaments/Prescription/Elément_prescr_médic/Composant_prescrit/Type_composant_6",
      "target" : [{
        "equivalence" : "unmatched"
      }]
    },
    {
      "code" : "Messages/M_prescription_médicaments/Prescription/Elément_prescr_médic/Composant_prescrit/Type_composant_7",
      "target" : [{
        "equivalence" : "unmatched"
      }]
    },
    {
      "code" : "Messages/M_prescription_médicaments/Prescription/Elément_prescr_médic/Composant_prescrit/Type_composant_8",
      "target" : [{
        "equivalence" : "unmatched"
      }]
    },
    {
      "code" : "Messages/M_prescription_médicaments/Prescription/Elément_prescr_médic/Composant_prescrit/Type_composant_9",
      "target" : [{
        "equivalence" : "unmatched"
      }]
    },
    {
      "code" : "Messages/M_prescription_médicaments/Prescription/Elément_prescr_médic/Composant_prescrit/Type_composant_10",
      "target" : [{
        "equivalence" : "unmatched"
      }]
    },
    {
      "code" : "Messages/M_prescription_médicaments/Prescription/Elément_prescr_médic/Composant_prescrit/Type_composant_11",
      "target" : [{
        "equivalence" : "unmatched"
      }]
    },
    {
      "code" : "Messages/M_prescription_médicaments/Prescription/Elément_prescr_médic/Composant_prescrit/Type_composant_12",
      "target" : [{
        "equivalence" : "unmatched"
      }]
    },
    {
      "code" : "Messages/M_prescription_médicaments/Prescription/Elément_prescr_médic/Composant_prescrit/Type_composant_13",
      "target" : [{
        "equivalence" : "unmatched"
      }]
    },
    {
      "code" : "Messages/M_prescription_médicaments/Prescription/Elément_prescr_médic/Composant_prescrit/Type_composant_14",
      "target" : [{
        "equivalence" : "unmatched"
      }]
    }]
  },
  {
    "element" : [{
      "code" : "Messages/M_prescription_médicaments/Prescription/Elément_prescr_médic/Composant_prescrit/Code_composant_1",
      "target" : [{
        "code" : "Medication.code.coding.code",
        "equivalence" : "equivalent",
        "comment" : "Le code à utiliser en FHIR est un code UCD13, ce qui veut dire que si le code fournit dans la prescription PN13 n'est par un code UCD13, il convient de le traduire en UCD13 pour alimenter #Medication.code.coding.code",
        "product" : [{
          "property" : "Medication.code.coding.system",
          "value" : "http://data.esante.gouv.fr/ansm/medicament/UCD"
        }]
      }]
    },
    {
      "code" : "Messages/M_prescription_médicaments/Prescription/Elément_prescr_médic/Composant_prescrit/Code_composant_2",
      "target" : [{
        "code" : "Medication.code.coding.code",
        "equivalence" : "equivalent",
        "comment" : "Le code à utiliser en FHIR est un code UCD13, ce qui veut dire que si le code fournit dans la prescription PN13 n'est pas un code UCD13, il convient de le traduire en UCD13 pour alimenter #Medication.code.coding.code",
        "product" : [{
          "property" : "Medication.code.coding.system",
          "value" : "http://data.esante.gouv.fr/ansm/medicament/UCD"
        }]
      }]
    },
    {
      "code" : "Messages/M_prescription_médicaments/Prescription/Elément_prescr_médic/Composant_prescrit/Code_composant_3",
      "target" : [{
        "code" : "Medication.code.coding.code",
        "equivalence" : "equivalent",
        "comment" : "Le code à utiliser en FHIR est un code SMS s'il existe ou un code technique ANSM dans l'attente de l'attribution d'un code SMS, ce qui veut dire que si le code fournit n'est pas un code SMS, il convient de vérifier que c'est un code technique ANSM pour lequel il n'existe pas de code SMS ou, dans le cas contraitre, de traduire le code en code SMS. Le système à utiliser est soit http://data.esante.gouv.fr/ansm/medicament/CodeSMS pour les codes SMS, soit http://data.esante.gouv.fr/ansm/medicament/Substance pour les codes techniques ANSM"
      }]
    },
    {
      "code" : "Messages/M_prescription_médicaments/Prescription/Elément_prescr_médic/Composant_prescrit/Code_composant_4",
      "target" : [{
        "code" : "Medication.code.coding.code",
        "equivalence" : "equal",
        "comment" : "Le code utilisé pour une préparation hospitalière est un code local, Medication.code.coding.system est alors à définir pour identifier dans quel périmètre ce code peut être compris"
      }]
    },
    {
      "code" : "Messages/M_prescription_médicaments/Prescription/Elément_prescr_médic/Composant_prescrit/Code_composant_5",
      "target" : [{
        "code" : "Medication.code.coding.code",
        "equivalence" : "equivalent",
        "comment" : "Le code à utiliser en FHIR est un code UCD13, ce qui veut dire que si le code fournit dans la prescription PN13 n'est par un code UCD13, il convient de le traduire en UCD13 pour alimenter #Medication.code.coding.code",
        "product" : [{
          "property" : "Medication.code.coding.system",
          "value" : "http://data.esante.gouv.fr/ansm/medicament/UCD"
        }]
      }]
    },
    {
      "code" : "Messages/M_prescription_médicaments/Prescription/Elément_prescr_médic/Composant_prescrit/Code_composant_6",
      "target" : [{
        "code" : "Medication.code.coding.code",
        "equivalence" : "equivalent",
        "comment" : "Le code à utiliser en FHIR est un code UCD13, ce qui veut dire que si le code fournit dans la prescription PN13 n'est par un code UCD13, il convient de le traduire en UCD13 pour alimenter #Medication.code.coding.code",
        "product" : [{
          "property" : "Medication.code.coding.system",
          "value" : "http://data.esante.gouv.fr/ansm/medicament/UCD"
        }]
      }]
    },
    {
      "code" : "Messages/M_prescription_médicaments/Prescription/Elément_prescr_médic/Composant_prescrit/Code_composant_7",
      "target" : [{
        "code" : "Medication.code.coding.code",
        "equivalence" : "equal",
        "comment" : "Le code utilisé pour une préparation magistrale est un code local, Medication.code.coding.system est alors à définir pour identifier dans quel périmètre ce code peut être compris"
      }]
    },
    {
      "code" : "Messages/M_prescription_médicaments/Prescription/Elément_prescr_médic/Composant_prescrit/Code_composant_8",
      "target" : [{
        "code" : "Medication.code.coding.code",
        "equivalence" : "equivalent",
        "comment" : "Le code à utiliser en FHIR est un code SMS s'il existe ou un code technique ANSM dans l'attente de l'attribution d'un code SMS, ce qui veut dire que si le code fournit n'est pas un code SMS, il convient de vérifier que c'est un code technique ANSM pour lequel il n'existe pas de code SMS ou, dans le cas contraitre, de traduire le code en code SMS. Le système à utiliser est soit http://data.esante.gouv.fr/ansm/medicament/CodeSMS pour les codes SMS, soit http://data.esante.gouv.fr/ansm/medicament/Substance pour les codes techniques ANSM"
      }]
    },
    {
      "code" : "Messages/M_prescription_médicaments/Prescription/Elément_prescr_médic/Composant_prescrit/Code_composant_9",
      "target" : [{
        "code" : "Medication.code.coding.code",
        "equivalence" : "inexact",
        "comment" : "Les codes locaux des bases médicamenteuses ne sont pas à utiliser seuls dans les prescription FHIR, ils peuvent être utiliser en complément d'un code SMS ou d'un code technique ANSM dans une autre occurrence de Medication.code.coding mais un code SMS ou un code technique ANSM doit être fourni dans la ressource FHIR"
      }]
    },
    {
      "code" : "Messages/M_prescription_médicaments/Prescription/Elément_prescr_médic/Composant_prescrit/Code_composant_10",
      "target" : [{
        "code" : "Medication.code.coding.code",
        "equivalence" : "inexact",
        "comment" : "Les codes locaux des bases médicamenteuses ne sont pas à utiliser seuls dans les prescription FHIR, ils peuvent être utiliser en complément d'un code SMS ou d'un code technique ANSM dans une autre occurrence de Medication.code.coding mais un code SMS ou un code technique ANSM doit être fourni dans la ressource FHIR"
      }]
    },
    {
      "code" : "Messages/M_prescription_médicaments/Prescription/Elément_prescr_médic/Composant_prescrit/Code_composant_11",
      "target" : [{
        "code" : "Medication.code.coding.code",
        "equivalence" : "inexact",
        "comment" : "Les codes locaux des bases médicamenteuses ne sont pas à utiliser seuls dans les prescription FHIR, ils peuvent être utiliser en complément d'un code SMS ou d'un code technique ANSM dans une autre occurrence de Medication.code.coding mais un code SMS ou un code technique ANSM doit être fourni dans la ressource FHIR"
      }]
    },
    {
      "code" : "Messages/M_prescription_médicaments/Prescription/Elément_prescr_médic/Composant_prescrit/Code_composant_12",
      "target" : [{
        "code" : "Medication.code.coding.code",
        "equivalence" : "inexact",
        "comment" : "Les codes locaux des bases médicamenteuses ne sont pas à utiliser seuls dans les prescription FHIR, ils peuvent être utiliser en complément d'un code SMS ou d'un code technique ANSM dans une autre occurrence de Medication.code.coding mais un code SMS ou un code technique ANSM doit être fourni dans la ressource FHIR"
      }]
    },
    {
      "code" : "Messages/M_prescription_médicaments/Prescription/Elément_prescr_médic/Composant_prescrit/Code_composant_13",
      "target" : [{
        "code" : "Medication.code.coding.code",
        "equivalence" : "equivalent",
        "comment" : "Le code à utiliser en FHIR est un code SMS s'il existe ou un code technique ANSM dans l'attente de l'attribution d'un code SMS, ce qui veut dire que si le code fournit n'est pas un code SMS, il convient de vérifier que c'est un code technique ANSM pour lequel il n'existe pas de code SMS ou, dans le cas contraitre, de traduire le code en code SMS. Le système à utiliser est soit http://data.esante.gouv.fr/ansm/medicament/CodeSMS pour les codes SMS, soit http://data.esante.gouv.fr/ansm/medicament/Substance pour les codes techniques ANSM"
      }]
    },
    {
      "code" : "Messages/M_prescription_médicaments/Prescription/Elément_prescr_médic/Composant_prescrit/Code_composant_14",
      "target" : [{
        "code" : "Medication.code.coding.code",
        "equivalence" : "inexact",
        "comment" : "Les codes medicabase ne sont pas à utiliser seuls dans les prescription FHIR, ils peuvent être utiliser en complément d'un code SMS ou d'un code technique ANSM dans une autre occurrence de Medication.code.coding mais un code SMS ou un code technique ANSM doit être fourni dans la ressource FHIR"
      }]
    }]
  },
  {
    "element" : [{
      "code" : "Messages/M_prescription_médicaments/Prescription/Elément_prescr_médic/Composant_prescrit/Libellé_composant",
      "target" : [{
        "code" : "Medication.code.text",
        "equivalence" : "equal"
      }]
    }]
  },
  {
    "element" : [{
      "code" : "Messages/M_prescription_médicaments/Prescription/Elément_prescr_médic/Composant_prescrit/Quantité_composant_prescrite",
      "target" : [{
        "equivalence" : "disjoint",
        "comment" : "Cette élément est utilisé pour le mapping des doses/rates au niveau de la ressource ConceptMap PN13-FHIR-prescmed-dosageinstruction-conceptmap"
      }]
    }]
  },
  {
    "element" : [{
      "code" : "Messages/M_prescription_médicaments/Prescription/Elément_prescr_médic/Composant_prescrit/Référent_poso",
      "target" : [{
        "equivalence" : "disjoint",
        "comment" : "Cette élément est mappé au niveau de la ressource ConceptMap PN13-FHIR-prescmed-dosageinstruction-conceptmap"
      }]
    }]
  },
  {
    "element" : [{
      "code" : "Messages/M_prescription_médicaments/Prescription/Elément_prescr_médic/Composant_prescrit/ALD_exonérante",
      "target" : [{
        "equivalence" : "unmatched"
      }]
    }]
  },
  {
    "element" : [{
      "code" : "Messages/M_prescription_médicaments/Prescription/Elément_prescr_médic/Composant_prescrit/Indication",
      "target" : [{
        "equivalence" : "disjoint",
        "comment" : "Prévu pour une version ultérieure de ce guide"
      }]
    }]
  },
  {
    "element" : [{
      "code" : "Messages/M_prescription_médicaments/Prescription/Elément_prescr_médic/Composant_prescrit/Indication_structurée",
      "target" : [{
        "equivalence" : "disjoint",
        "comment" : "Prévu pour une version ultérieure de ce guide"
      }]
    }]
  },
  {
    "element" : [{
      "code" : "Messages/M_prescription_médicaments/Prescription/Elément_prescr_médic/Composant_prescrit/Commentaire",
      "target" : [{
        "equivalence" : "disjoint",
        "comment" : "Prévu pour une version ultérieure de ce guide"
      }]
    }]
  },
  {
    "element" : [{
      "code" : "Messages/M_prescription_médicaments/Prescription/Elément_prescr_médic/Composant_prescrit/Commentaire_structuré",
      "target" : [{
        "equivalence" : "disjoint",
        "comment" : "Prévu pour une version ultérieure de ce guide"
      }]
    }]
  },
  {
    "element" : [{
      "code" : "Messages/M_prescription_médicaments/Prescription/Elément_prescr_médic/Composant_prescrit/Véhicule",
      "target" : [{
        "code" : "Medication.extension($fr-is-vehicle).valueBoolean",
        "equivalence" : "equal"
      }]
    }]
  },
  {
    "element" : [{
      "code" : "Messages/M_prescription_médicaments/Prescription/Elément_prescr_médic/Composant_prescrit/Non_substituable",
      "target" : [{
        "equivalence" : "disjoint",
        "comment" : "Cet élément est mappé au niveau de la ressource ConceptMap PN13-FHIR-prescmed-medicationrequest-conceptmap"
      }]
    }]
  },
  {
    "element" : [{
      "code" : "Messages/M_prescription_médicaments/Prescription/Elément_prescr_médic/Forme",
      "target" : [{
        "equivalence" : "disjoint",
        "comment" : "Dans le cas des médicaments composés, la forme est à indiqué au niveau de la ressource Medication chapeau suivant le profil fr-medication-compound",
        "dependsOn" : [{
          "property" : "Messages/M_prescription_médicaments/Prescription/Elément_prescr_médic",
          "value" : "{Présence de plusieurs éléments Elément_prescr_médic dans le message PN13}"
        }]
      }]
    },
    {
      "code" : "Messages/M_prescription_médicaments/Prescription/Elément_prescr_médic/Forme",
      "target" : [{
        "code" : "Medication.form.coding.code",
        "equivalence" : "equivalent",
        "comment" : "le code cible est à trouver dans le mapping Free Set CIO-DC FORME",
        "dependsOn" : [{
          "property" : "Messages/M_prescription_médicaments/Prescription/Elément_prescr_médic/Forme@Phast-nomenclature",
          "value" : "SIPh-CIO_Forme"
        },
        {
          "property" : "Messages/M_prescription_médicaments/Prescription/Elément_prescr_médic",
          "value" : "{Présence d'un seul élément Elément_prescr_médic dans le message PN13}"
        }]
      }]
    },
    {
      "code" : "Messages/M_prescription_médicaments/Prescription/Elément_prescr_médic/Forme",
      "target" : [{
        "code" : "Medication.form.coding.code",
        "equivalence" : "equivalent",
        "comment" : "le code cible est à trouver dans le mapping Free Set CIO-DC FORME",
        "dependsOn" : [{
          "property" : "Messages/M_prescription_médicaments/Prescription/Elément_prescr_médic/Forme@Phast-nomenclature",
          "value" : "{Absent}"
        },
        {
          "property" : "Messages/M_prescription_médicaments/Prescription/Elément_prescr_médic",
          "value" : "{Présence d'un seul élément Elément_prescr_médic dans le message PN13}"
        }]
      }]
    },
    {
      "code" : "Messages/M_prescription_médicaments/Prescription/Elément_prescr_médic/Forme",
      "target" : [{
        "code" : "Medication.form.coding.code",
        "equivalence" : "equal",
        "dependsOn" : [{
          "property" : "Messages/M_prescription_médicaments/Prescription/Elément_prescr_médic/Forme@Phast-nomenclature",
          "value" : "EDQM"
        },
        {
          "property" : "Messages/M_prescription_médicaments/Prescription/Elément_prescr_médic",
          "value" : "{Présence d'un seul élément Elément_prescr_médic dans le message PN13}"
        }],
        "product" : [{
          "property" : "Medication.form.coding.system",
          "value" : "http://standardterms.edqm.eu"
        }]
      }]
    },
    {
      "code" : "Messages/M_prescription_médicaments/Prescription/Elément_prescr_médic/Forme",
      "target" : [{
        "code" : "Medication.form.coding.code",
        "equivalence" : "relatedto",
        "comment" : "Certains codes cibles peuvent être trouvés dans le mapping Free Set CIO-DC FORME. Dans le cas contraire, si la traduction en EDQM n'est pas possible, Medication.form.text peut être utilisé mais pourrait poser des problèmes d'interprétation",
        "dependsOn" : [{
          "property" : "Messages/M_prescription_médicaments/Prescription/Elément_prescr_médic/Forme@Phast-nomenclature",
          "value" : "SIPh-Forme"
        },
        {
          "property" : "Messages/M_prescription_médicaments/Prescription/Elément_prescr_médic",
          "value" : "{Présence d'un seul élément Elément_prescr_médic dans le message PN13}"
        }]
      }]
    }]
  }]
}