<?xml version="1.0" encoding="UTF-8"?><ValueSet xmlns="http://hl7.org/fhir"><id value="fr-substance-code"/><text><status value="generated"/><div xmlns="http://www.w3.org/1999/xhtml"><p class="res-header-id"><b>Narratif généré : EnsembleValeurs fr-substance-code</b></p><a name="fr-substance-code"> </a><a name="hcfr-substance-code"> </a><p>Ce jeu de valeur (ValueSet) inclut les codes selon les règles suivantes :</p><ul><li>Inclut tous les codes définis dans <code>http://data.esante.gouv.fr/ansm/medicament/codeSMS</code><span title="Version is not explicity stated. No matching Code System found"> version Not Stated (use latest from terminology server)</span></li><li>Inclut tous les codes définis dans <code>http://data.esante.gouv.fr/ansm/medicament/substance</code><span title="Version is not explicity stated. No matching Code System found"> version Not Stated (use latest from terminology server)</span></li></ul></div></text><url value="https://hl7.fr/ig/fhir/eprescription/ValueSet/fr-substance-code"/><version value="0.1.0"/><name value="FrSubstanceCode"/><title value="value set Interop'Santé - Codes identifiant les substances"/><status value="draft"/><experimental value="false"/><date value="2025-10-28T16:05:01+00:00"/><publisher value="Interop'Santé"/><contact><name value="Interop'Santé"/><telecom><system value="url"/><value value="http://interopsante.org/"/></telecom></contact><contact><name value="Agence du Numérique en Santé (ANS) - 2-10 Rue d'Oradour-sur-Glane, 75015 Paris"/><telecom><system value="url"/><value value="https://esante.gouv.fr"/></telecom><telecom><system value="email"/><value value="monserviceclient.annuaire@esante.gouv.fr"/></telecom></contact><description value="Le jeu de valeurs à utiliser pour indiquer un ingrédient composant un médicament dans Medication.ingredient.itemCodeableConcept.coding.code"/><jurisdiction><coding><system value="urn:iso:std:iso:3166"/><code value="FR"/><display value="FRANCE"/></coding></jurisdiction><immutable value="false"/><compose><include><system value="http://data.esante.gouv.fr/ansm/medicament/codeSMS"/></include><include><system value="http://data.esante.gouv.fr/ansm/medicament/substance"/></include></compose></ValueSet>