<?xml version="1.0" encoding="UTF-8"?>

<Bundle xmlns="http://hl7.org/fhir">
  <id value="Presc-Fentanyl-patch72h-TL3j"/>
  <meta>
    <profile value="https://interop.esante.gouv.fr/ig/fhir/eprescription/StructureDefinition/fr-prescription-bundle-for-example"/>
  </meta>
  <type value="searchset"/>
  <entry>
    <resource>
      <Medication>
        <id value="medication-Presc-Fentanyl-patch72h-TL3j"/>
        <meta>
          <profile value="https://interop.esante.gouv.fr/ig/fhir/eprescription/StructureDefinition/fr-medication-noncompound"/>
        </meta>
        <text>
          <status value="generated"/><div xmlns="http://www.w3.org/1999/xhtml"><a name="Medication_medication-Presc-Fentanyl-patch72h-TL3j"> </a><p class="res-header-id"><b>Narratif généré : Médication medication-Presc-Fentanyl-patch72h-TL3j</b></p><a name="medication-Presc-Fentanyl-patch72h-TL3j"> </a><a name="hcmedication-Presc-Fentanyl-patch72h-TL3j"> </a><div style="display: inline-block; background-color: #d9e0e7; padding: 6px; margin: 4px; border: 1px solid #8da1b4; border-radius: 5px; line-height: 60%"><p style="margin-bottom: 0px"/><p style="margin-bottom: 0px">Profil: <a href="StructureDefinition-fr-medication-noncompound.html">FR Medication Non Compound</a></p></div><p><b>code</b>: <span title="Codes :{http://data.esante.gouv.fr/ansm/medicament/codeSMS 100000090377}">FENTANYL</span></p><p><b>form</b>: <span title="Codes :{http://standardterms.edqm.eu 0061}">Patch</span></p><h3>Ingredients</h3><table class="grid"><tr><td style="display: none">-</td><td><b>Item[x]</b></td><td><b>Strength</b></td></tr><tr><td style="display: none">*</td><td><span title="Codes :{http://data.esante.gouv.fr/ansm/medicament/codeSMS 100000090377}">FENTANYL</span></td><td>75 µg<span style="background: LightGoldenRodYellow"> (Détails : code UCUMug = 'ug')</span>/1 h<span style="background: LightGoldenRodYellow"> (Détails : code UCUMh = 'h')</span></td></tr></table></div>
        </text>
        <code>
          <coding>
            <system value="http://data.esante.gouv.fr/ansm/medicament/codeSMS"/>
            <code value="100000090377"/>
            <display value="fentanyl"/>
          </coding>
          <text value="FENTANYL"/>
        </code>
        <form>
          <coding>
            <system value="http://standardterms.edqm.eu"/>
            <code value="0061"/>
            <display value="Patch"/>
          </coding>
        </form>
        <ingredient>
          <itemCodeableConcept>
            <coding>
              <system value="http://data.esante.gouv.fr/ansm/medicament/codeSMS"/>
              <code value="100000090377"/>
              <display value="fentanyl"/>
            </coding>
            <text value="FENTANYL"/>
          </itemCodeableConcept>
          <strength>
            <numerator>
              <value value="75"/>
              <unit value="µg"/>
              <system value="http://unitsofmeasure.org"/>
              <code value="ug"/>
            </numerator>
            <denominator>
              <value value="1"/>
              <unit value="h"/>
              <system value="http://unitsofmeasure.org"/>
              <code value="h"/>
            </denominator>
          </strength>
        </ingredient>
      </Medication>
    </resource>
  </entry>
  <entry>
    <resource>
      <MedicationRequest>
        <id value="medicationrequest-Presc-Fentanyl-patch72h-TL3j"/>
        <meta>
          <profile value="https://interop.esante.gouv.fr/ig/fhir/eprescription/StructureDefinition/fr-inpatient-medicationrequest"/>
        </meta>
        <text>
          <status value="generated"/><div xmlns="http://www.w3.org/1999/xhtml"><a name="MedicationRequest_medicationrequest-Presc-Fentanyl-patch72h-TL3j"> </a><p class="res-header-id"><b>Narratif généré : PrescriptionMédicamenteuseTODO medicationrequest-Presc-Fentanyl-patch72h-TL3j</b></p><a name="medicationrequest-Presc-Fentanyl-patch72h-TL3j"> </a><a name="hcmedicationrequest-Presc-Fentanyl-patch72h-TL3j"> </a><div style="display: inline-block; background-color: #d9e0e7; padding: 6px; margin: 4px; border: 1px solid #8da1b4; border-radius: 5px; line-height: 60%"><p style="margin-bottom: 0px"/><p style="margin-bottom: 0px">Profil: <a href="StructureDefinition-fr-inpatient-medicationrequest.html">FR Inpatient MedicationRequest</a></p></div><p><b>status</b>: Active</p><p><b>intent</b>: Order</p><p><b>priority</b>: Routine</p><p><b>medication</b>: <code>#medication-Presc-Fentanyl-patch72h-TL3j</code></p><p><b>subject</b>: <a href="Patient/14602">Patient/14602</a></p><p><b>authoredOn</b>: 2021-07-20 19:05:30+0000</p><p><b>requester</b>: <a href="Practitioner/smart-Practitioner-71482713">Practitioner/smart-Practitioner-71482713</a></p><p><b>groupIdentifier</b>: <code>https://somehospital.fr/Prescrption-ID</code>/Presc-14622</p><blockquote><p><b>dosageInstruction</b></p><p><b>timing</b>: Une fois par 3 days</p><p><b>route</b>: <span title="Codes :{http://standardterms.edqm.eu 20070000}">Voie transdermique</span></p><h3>DoseAndRates</h3><table class="grid"><tr><td style="display: none">-</td><td><b>Dose[x]</b></td></tr><tr><td style="display: none">*</td><td>1 Patch<span style="background: LightGoldenRodYellow"> (Détails : code EDQM Standard Terms15036000 = 'Patch')</span></td></tr></table></blockquote></div>
        </text>
        <status value="active"/>
        <intent value="order"/>
        <priority value="routine"/>
        <medicationReference>
          <reference value="#medication-Presc-Fentanyl-patch72h-TL3j"/>
        </medicationReference>
        <subject>
          <reference value="Patient/14602"/>
        </subject>
        <authoredOn value="2021-07-20T19:05:30.603Z"/>
        <requester>
          <reference value="Practitioner/smart-Practitioner-71482713"/>
        </requester>
        <groupIdentifier>
          <system value="https://somehospital.fr/Prescrption-ID"/>
          <value value="Presc-14622"/>
        </groupIdentifier>
        <dosageInstruction>
          <timing>
            <repeat>
              <boundsPeriod>
                <start value="2021-07-20T19:05:00Z"/>
                <end value="2021-07-28T19:04:59Z"/>
              </boundsPeriod>
              <frequency value="1"/>
              <period value="3"/>
              <periodUnit value="d"/>
              <timeOfDay value="07:00:00"/>
            </repeat>
          </timing>
          <route>
            <coding>
              <system value="http://standardterms.edqm.eu"/>
              <code value="20070000"/>
              <display value="Voie transdermique"/>
            </coding>
            <text value="Voie transdermique"/>
          </route>
          <doseAndRate>
            <doseQuantity>
              <value value="1"/>
              <unit value="Patch"/>
              <system value="http://standardterms.edqm.eu"/>
              <code value="15036000"/>
            </doseQuantity>
          </doseAndRate>
        </dosageInstruction>
      </MedicationRequest>
    </resource>
  </entry>
</Bundle>