<?xml version="1.0" encoding="UTF-8"?>

<Bundle xmlns="http://hl7.org/fhir">
  <id value="Presc-Methylpredinosolone-DosesEvolutives"/>
  <meta>
    <profile value="https://interop.esante.gouv.fr/ig/fhir/eprescription/StructureDefinition/fr-prescription-bundle-for-example"/>
  </meta>
  <type value="searchset"/>
  <entry>
    <resource>
      <Medication>
        <id value="medication-Presc-Methylpredinosolone-DosesEvolutives"/>
        <meta>
          <profile value="https://interop.esante.gouv.fr/ig/fhir/eprescription/StructureDefinition/fr-medication-noncompound"/>
        </meta>
        <text>
          <status value="generated"/><div xmlns="http://www.w3.org/1999/xhtml"><a name="Medication_medication-Presc-Methylpredinosolone-DosesEvolutives"> </a><p class="res-header-id"><b>Narratif généré : Médication medication-Presc-Methylpredinosolone-DosesEvolutives</b></p><a name="medication-Presc-Methylpredinosolone-DosesEvolutives"> </a><a name="hcmedication-Presc-Methylpredinosolone-DosesEvolutives"> </a><div style="display: inline-block; background-color: #d9e0e7; padding: 6px; margin: 4px; border: 1px solid #8da1b4; border-radius: 5px; line-height: 60%"><p style="margin-bottom: 0px"/><p style="margin-bottom: 0px">Profil: <a href="StructureDefinition-fr-medication-noncompound.html">FR Medication Non Compound</a></p></div><p><b>code</b>: <span title="Codes :{http://data.esante.gouv.fr/ansm/medicament/codeSMS 100000091803}">METHYLPREDNISOLONE</span></p></div>
        </text>
        <code>
          <coding>
            <system value="http://data.esante.gouv.fr/ansm/medicament/codeSMS"/>
            <code value="100000091803"/>
            <display value="méthylprednisolone"/>
          </coding>
          <text value="METHYLPREDNISOLONE"/>
        </code>
      </Medication>
    </resource>
  </entry>
  <entry>
    <resource>
      <MedicationRequest>
        <id value="medicationrequest-Presc-Methylpredinosolone-DosesEvolutives"/>
        <meta>
          <profile value="https://interop.esante.gouv.fr/ig/fhir/eprescription/StructureDefinition/fr-inpatient-medicationrequest"/>
        </meta>
        <text>
          <status value="generated"/><div xmlns="http://www.w3.org/1999/xhtml"><a name="MedicationRequest_medicationrequest-Presc-Methylpredinosolone-DosesEvolutives"> </a><p class="res-header-id"><b>Narratif généré : PrescriptionMédicamenteuseTODO medicationrequest-Presc-Methylpredinosolone-DosesEvolutives</b></p><a name="medicationrequest-Presc-Methylpredinosolone-DosesEvolutives"> </a><a name="hcmedicationrequest-Presc-Methylpredinosolone-DosesEvolutives"> </a><div style="display: inline-block; background-color: #d9e0e7; padding: 6px; margin: 4px; border: 1px solid #8da1b4; border-radius: 5px; line-height: 60%"><p style="margin-bottom: 0px"/><p style="margin-bottom: 0px">Profil: <a href="StructureDefinition-fr-inpatient-medicationrequest.html">FR Inpatient MedicationRequest</a></p></div><p><b>status</b>: Active</p><p><b>intent</b>: Order</p><p><b>priority</b>: Routine</p><p><b>medication</b>: <code>#medication-Presc-Methylpredinosolone-DosesEvolutives</code></p><p><b>subject</b>: <a href="Patient/14602">Patient/14602</a></p><p><b>authoredOn</b>: 2021-08-14 18:17:26+0000</p><p><b>requester</b>: <a href="Practitioner/smart-Practitioner-71482713">Practitioner/smart-Practitioner-71482713</a></p><p><b>groupIdentifier</b>: <code>https://somehospital.fr/Prescrption-ID</code>/Presc-14647</p><blockquote><p><b>dosageInstruction</b></p><p><b>sequence</b>: 1</p><p><b>timing</b>: Une fois</p><p><b>route</b>: <span title="Codes :{http://standardterms.edqm.eu 20053000}">Voie orale</span></p><h3>DoseAndRates</h3><table class="grid"><tr><td style="display: none">-</td><td><b>Dose[x]</b></td></tr><tr><td style="display: none">*</td><td>6 mg<span style="background: LightGoldenRodYellow"> (Détails : code UCUMmg = 'mg')</span></td></tr></table></blockquote><blockquote><p><b>dosageInstruction</b></p><p><b>sequence</b>: 2</p><p><b>timing</b>: Une fois</p><p><b>route</b>: <span title="Codes :{http://standardterms.edqm.eu 20053000}">Voie orale</span></p><h3>DoseAndRates</h3><table class="grid"><tr><td style="display: none">-</td><td><b>Dose[x]</b></td></tr><tr><td style="display: none">*</td><td>4 mg<span style="background: LightGoldenRodYellow"> (Détails : code UCUMmg = 'mg')</span></td></tr></table></blockquote><blockquote><p><b>dosageInstruction</b></p><p><b>sequence</b>: 3</p><p><b>timing</b>: Une fois</p><p><b>route</b>: <span title="Codes :{http://standardterms.edqm.eu 20053000}">Voie orale</span></p><h3>DoseAndRates</h3><table class="grid"><tr><td style="display: none">-</td><td><b>Dose[x]</b></td></tr><tr><td style="display: none">*</td><td>2 mg<span style="background: LightGoldenRodYellow"> (Détails : code UCUMmg = 'mg')</span></td></tr></table></blockquote></div>
        </text>
        <status value="active"/>
        <intent value="order"/>
        <priority value="routine"/>
        <medicationReference>
          <reference value="#medication-Presc-Methylpredinosolone-DosesEvolutives"/>
        </medicationReference>
        <subject>
          <reference value="Patient/14602"/>
        </subject>
        <authoredOn value="2021-08-14T18:17:26.372Z"/>
        <requester>
          <reference value="Practitioner/smart-Practitioner-71482713"/>
        </requester>
        <groupIdentifier>
          <system value="https://somehospital.fr/Prescrption-ID"/>
          <value value="Presc-14647"/>
        </groupIdentifier>
        <dosageInstruction>
          <sequence value="1"/>
          <timing>
            <repeat>
              <boundsDuration>
                <value value="2"/>
                <unit value="jour"/>
                <system value="http://unitsofmeasure.org"/>
                <code value="d"/>
              </boundsDuration>
              <timeOfDay value="07:00:00"/>
            </repeat>
          </timing>
          <route>
            <coding>
              <system value="http://standardterms.edqm.eu"/>
              <code value="20053000"/>
              <display value="Voie orale"/>
            </coding>
            <text value="Voie orale"/>
          </route>
          <doseAndRate>
            <doseQuantity>
              <value value="6"/>
              <unit value="mg"/>
              <system value="http://unitsofmeasure.org"/>
              <code value="mg"/>
            </doseQuantity>
          </doseAndRate>
        </dosageInstruction>
        <dosageInstruction>
          <sequence value="2"/>
          <timing>
            <repeat>
              <boundsDuration>
                <value value="2"/>
                <unit value="jour"/>
                <system value="http://unitsofmeasure.org"/>
                <code value="d"/>
              </boundsDuration>
              <timeOfDay value="07:00:00"/>
            </repeat>
          </timing>
          <route>
            <coding>
              <system value="http://standardterms.edqm.eu"/>
              <code value="20053000"/>
              <display value="Voie orale"/>
            </coding>
            <text value="Voie orale"/>
          </route>
          <doseAndRate>
            <doseQuantity>
              <value value="4"/>
              <unit value="mg"/>
              <system value="http://unitsofmeasure.org"/>
              <code value="mg"/>
            </doseQuantity>
          </doseAndRate>
        </dosageInstruction>
        <dosageInstruction>
          <sequence value="3"/>
          <timing>
            <repeat>
              <boundsDuration>
                <value value="2"/>
                <unit value="jour"/>
                <system value="http://unitsofmeasure.org"/>
                <code value="d"/>
              </boundsDuration>
              <timeOfDay value="07:00:00"/>
            </repeat>
          </timing>
          <route>
            <coding>
              <system value="http://standardterms.edqm.eu"/>
              <code value="20053000"/>
              <display value="Voie orale"/>
            </coding>
            <text value="Voie orale"/>
          </route>
          <doseAndRate>
            <doseQuantity>
              <value value="2"/>
              <unit value="mg"/>
              <system value="http://unitsofmeasure.org"/>
              <code value="mg"/>
            </doseQuantity>
          </doseAndRate>
        </dosageInstruction>
      </MedicationRequest>
    </resource>
  </entry>
</Bundle>