{
  "resourceType" : "Bundle",
  "id" : "HAS-06-2-Presc-Methotrexate",
  "meta" : {
    "profile" : ["https://hl7.fr/ig/fhir/eprescription/StructureDefinition/fr-prescription-bundle-for-example"]
  },
  "type" : "searchset",
  "entry" : [{
    "resource" : {
      "resourceType" : "MedicationRequest",
      "id" : "medicationrequest-HAS-6-2-Presc-Methotrexate",
      "meta" : {
        "profile" : ["https://hl7.fr/ig/fhir/eprescription/StructureDefinition/fr-medicationrequest"]
      },
      "text" : {
        "status" : "extensions",
        "div" : "<div xmlns=\"http://www.w3.org/1999/xhtml\"><a name=\"MedicationRequest_medicationrequest-HAS-6-2-Presc-Methotrexate\"> </a><p class=\"res-header-id\"><b>Narratif généré : PrescriptionMédicamenteuseTODO medicationrequest-HAS-6-2-Presc-Methotrexate</b></p><a name=\"medicationrequest-HAS-6-2-Presc-Methotrexate\"> </a><a name=\"hcmedicationrequest-HAS-6-2-Presc-Methotrexate\"> </a><div style=\"display: inline-block; background-color: #d9e0e7; padding: 6px; margin: 4px; border: 1px solid #8da1b4; border-radius: 5px; line-height: 60%\"><p style=\"margin-bottom: 0px\"/><p style=\"margin-bottom: 0px\">Profil: <a href=\"StructureDefinition-fr-medicationrequest.html\">FR Medication Request</a></p></div><p><b>Extension Definition for MedicationRequest.renderedDosageInstruction for Version 5.0</b>: </p><div><p>20 mg, 1 fois par semaine, le mardi</p>\n</div><p><b>status</b>: Active</p><p><b>intent</b>: Order</p><p><b>priority</b>: Routine</p><p><b>medication</b>: <span title=\"Codes :{http://BogusSystemMedicabase.com MV00003397}\">METHOTREXATE 10 mg comprimé</span></p><p><b>subject</b>: <a href=\"Patient/14602\">Patient/14602</a></p><p><b>authoredOn</b>: 2025-07-23 10:33:00+0100</p><p><b>requester</b>: <a href=\"Practitioner/smart-Practitioner-71482713\">Practitioner/smart-Practitioner-71482713</a></p><p><b>note</b>: </p><blockquote><div><p>Prescription textuelle: METHOTREXATE  10 mg comprimé (sécable) : 20 mg, 1 fois par semaine, le mardi</p>\n</div></blockquote><blockquote><p><b>dosageInstruction</b></p><p><b>timing</b>: Une fois par 1 week</p><h3>DoseAndRates</h3><table class=\"grid\"><tr><td style=\"display: none\">-</td><td><b>Dose[x]</b></td></tr><tr><td style=\"display: none\">*</td><td>20 mg<span style=\"background: LightGoldenRodYellow\"> (Détails : code UCUMmg = 'mg')</span></td></tr></table></blockquote></div>"
      },
      "extension" : [{
        "url" : "http://hl7.org/fhir/5.0/StructureDefinition/extension-MedicationRequest.renderedDosageInstruction",
        "valueMarkdown" : "20 mg, 1 fois par semaine, le mardi"
      }],
      "status" : "active",
      "intent" : "order",
      "priority" : "routine",
      "medicationCodeableConcept" : {
        "coding" : [{
          "system" : "http://BogusSystemMedicabase.com",
          "code" : "MV00003397",
          "display" : "METHOTREXATE 10 mg comprimé"
        }]
      },
      "subject" : {
        "reference" : "Patient/14602"
      },
      "authoredOn" : "2025-07-23T10:33:00+01:00",
      "requester" : {
        "reference" : "Practitioner/smart-Practitioner-71482713"
      },
      "note" : [{
        "text" : "Prescription textuelle: METHOTREXATE  10 mg comprimé (sécable) : 20 mg, 1 fois par semaine, le mardi"
      }],
      "dosageInstruction" : [{
        "timing" : {
          "repeat" : {
            "frequency" : 1,
            "period" : 1,
            "periodUnit" : "wk",
            "dayOfWeek" : ["tue"]
          }
        },
        "doseAndRate" : [{
          "doseQuantity" : {
            "value" : 20,
            "unit" : "mg",
            "system" : "http://unitsofmeasure.org",
            "code" : "mg"
          }
        }]
      }]
    }
  }]
}