{
  "resourceType" : "MedicationRequest",
  "id" : "InLine-Presc-EFFERALGAN",
  "meta" : {
    "profile" : ["https://interop.esante.gouv.fr/ig/fhir/eprescription/StructureDefinition/fr-inpatient-medicationrequest"]
  },
  "text" : {
    "status" : "generated",
    "div" : "<div xmlns=\"http://www.w3.org/1999/xhtml\"><p class=\"res-header-id\"><b>Narratif généré : PrescriptionMédicamenteuseTODO InLine-Presc-EFFERALGAN</b></p><a name=\"InLine-Presc-EFFERALGAN\"> </a><a name=\"hcInLine-Presc-EFFERALGAN\"> </a><div style=\"display: inline-block; background-color: #d9e0e7; padding: 6px; margin: 4px; border: 1px solid #8da1b4; border-radius: 5px; line-height: 60%\"><p style=\"margin-bottom: 0px\"/><p style=\"margin-bottom: 0px\">Profil: <a href=\"StructureDefinition-fr-inpatient-medicationrequest.html\">FR Inpatient MedicationRequest</a></p></div><p><b>status</b>: Active</p><p><b>intent</b>: Order</p><p><b>priority</b>: Routine</p><p><b>medication</b>: <a href=\"Medication-InLine-med-EFFERALGAN.html\">Medication EFFERALGANMED 1000MG CPR</a></p><p><b>subject</b>: <a href=\"Patient/14602\">Patient/14602</a></p><p><b>authoredOn</b>: 2021-07-28 14:52:40+0000</p><p><b>requester</b>: <a href=\"Practitioner/smart-Practitioner-71482713\">Practitioner/smart-Practitioner-71482713</a></p><p><b>groupIdentifier</b>: <code>https://somehospital.fr/Prescrption-ID</code>/Presc-24624</p><blockquote><p><b>dosageInstruction</b></p><p><b>timing</b>: Une fois</p><p><b>route</b>: <span title=\"Codes :{http://standardterms.edqm.eu 20053000}\">Voie orale</span></p><h3>DoseAndRates</h3><table class=\"grid\"><tr><td style=\"display: none\">-</td><td><b>Type</b></td><td><b>Dose[x]</b></td></tr><tr><td style=\"display: none\">*</td><td><span title=\"Codes :{http://terminology.hl7.org/CodeSystem/dose-rate-type ordered}\">Ordered</span></td><td>1 Comprimé<span style=\"background: LightGoldenRodYellow\"> (Détails : code EDQM Standard Terms15054000 = 'Tablet')</span></td></tr></table></blockquote></div>"
  },
  "status" : "active",
  "intent" : "order",
  "priority" : "routine",
  "medicationReference" : {
    "reference" : "Medication/InLine-med-EFFERALGAN"
  },
  "subject" : {
    "reference" : "Patient/14602"
  },
  "authoredOn" : "2021-07-28T14:52:40.936Z",
  "requester" : {
    "reference" : "Practitioner/smart-Practitioner-71482713"
  },
  "groupIdentifier" : {
    "system" : "https://somehospital.fr/Prescrption-ID",
    "value" : "Presc-24624"
  },
  "dosageInstruction" : [{
    "timing" : {
      "repeat" : {
        "boundsPeriod" : {
          "start" : "2021-07-28T14:52:00Z",
          "end" : "2021-08-02T14:51:59Z"
        },
        "timeOfDay" : ["07:00:00",
        "12:00:00",
        "18:00:00"]
      }
    },
    "route" : {
      "coding" : [{
        "system" : "http://standardterms.edqm.eu",
        "code" : "20053000",
        "display" : "Voie orale"
      }],
      "text" : "Voie orale"
    },
    "doseAndRate" : [{
      "type" : {
        "coding" : [{
          "system" : "http://terminology.hl7.org/CodeSystem/dose-rate-type",
          "code" : "ordered",
          "display" : "Ordered"
        }],
        "text" : "Ordered"
      },
      "doseQuantity" : {
        "value" : 1,
        "unit" : "Comprimé",
        "system" : "http://standardterms.edqm.eu",
        "code" : "15054000"
      }
    }]
  }]
}